device,mode,impl,launcher,variant,lanes,stack_policy,copy_policy,phys,nzstack,bcopy,threads,nz,nxp,nyp,land_pct,toolchain,gpu_arch,ms_min,ms_med,ns_per_col,it_outer,it_inner,kd_sum,regs,local_b,reps,nrun,host,git_hash,_file
Broadwell,dc_multicore,,,faithful,1,fit,prod,faithful,11,0,40,10,32,32,0,nvfortran,,3.2046996337E-01,3.2046996337E-01,221.932108,1445,4160,2.2026715013E+02,,,1092,1,Big-Chungus,ad2cde0,ks_sweep_Big-Chungus_20260803_053235.csv
Broadwell,dc_multicore,,,faithful,1,fit,prod,faithful,31,0,40,30,32,32,0,nvfortran,,1.2217263699E+00,1.2217263699E+00,846.070893,1444,28493,3.4001410348E+03,,,292,1,Big-Chungus,ad2cde0,ks_sweep_Big-Chungus_20260803_053235.csv
Broadwell,dc_multicore,,,faithful,1,prod,prod,faithful,128,0,40,10,32,32,0,nvfortran,,1.8268081818E+00,1.8268081818E+00,1265.102619,1445,4160,2.2026715013E+02,,,110,1,Big-Chungus,ad2cde0,ks_sweep_Big-Chungus_20260803_053235.csv
Broadwell,dc_multicore,,,faithful,1,prod,prod,faithful,128,0,40,30,32,32,0,nvfortran,,1.5442430894E+00,1.5442430894E+00,1069.420422,1444,28493,3.4001410348E+03,,,123,1,Big-Chungus,ad2cde0,ks_sweep_Big-Chungus_20260803_053235.csv
Broadwell,dc_multicore,dc,solo,faithful,1,fit,opt,faithful,31,1,40,30,64,64,0,nvfortran,cc70,3.6216000000E+00,3.6217000000E+00,739.102041,4900,96753,1.1269504893E+04,0,0,20,3,Big-Chungus,ad2cde0,ks_sweep_Big-Chungus_20260803_162539.csv
Broadwell,dc_multicore,dc,solo,faithful,1,fit,opt,faithful,76,1,40,75,64,64,0,nvfortran,cc70,1.0445955000E+01,1.1025155000E+01,2131.827551,4900,99341,1.7354910659E+04,0,0,20,3,Big-Chungus,ad2cde0,ks_sweep_Big-Chungus_20260803_162539.csv
Broadwell,dc_multicore,dc,solo,faithful,1,fit,prod,faithful,101,0,40,100,64,64,0,flang 22.1.5,cc70,1.3432757708E+01,1.3657757046E+01,2741.379124,4900,99315,1.7375307995E+04,0,0,20,3,Big-Chungus,ad2cde0,ks_sweep_Big-Chungus_20260803_173351.csv
Broadwell,dc_multicore,dc,solo,faithful,1,fit,prod,faithful,101,0,40,100,64,64,0,ifx 2026.0.0,cc70,1.2095067236E+01,1.2113595009E+01,2468.381069,4900,99315,1.7375307995E+04,0,0,20,3,Big-Chungus,ad2cde0,ks_sweep_Big-Chungus_20260803_172017.csv
Broadwell,dc_multicore,dc,solo,faithful,1,fit,prod,faithful,11,0,40,10,64,64,0,flang 22.1.5,cc70,9.0300424490E-01,9.0420525521E-01,184.286581,4902,11606,6.8205675711E+02,0,0,20,3,Big-Chungus,ad2cde0,ks_sweep_Big-Chungus_20260803_173351.csv
Broadwell,dc_multicore,dc,solo,faithful,1,fit,prod,faithful,11,0,40,10,64,64,0,ifx 2026.0.0,cc70,7.7575445175E-01,7.7624320984E-01,158.317235,4902,11606,6.8205675711E+02,0,0,20,3,Big-Chungus,ad2cde0,ks_sweep_Big-Chungus_20260803_172017.csv
Broadwell,dc_multicore,dc,solo,faithful,1,fit,prod,faithful,26,0,40,25,64,64,0,flang 22.1.5,cc70,2.7442323975E+00,2.9439087026E+00,560.047428,4900,93699,8.2706422989E+03,0,0,20,3,Big-Chungus,ad2cde0,ks_sweep_Big-Chungus_20260803_173351.csv
Broadwell,dc_multicore,dc,solo,faithful,1,fit,prod,faithful,26,0,40,25,64,64,0,ifx 2026.0.0,cc70,2.4043440819E+00,2.4148941040E+00,490.682466,4900,93699,8.2706422989E+03,0,0,20,3,Big-Chungus,ad2cde0,ks_sweep_Big-Chungus_20260803_172017.csv
Broadwell,dc_multicore,dc,solo,faithful,1,fit,prod,faithful,31,0,40,30,64,64,0,flang 22.1.5,cc70,3.7376394030E+00,4.1057203547E+00,762.783552,4900,96753,1.1269504893E+04,0,0,20,3,Big-Chungus,ad2cde0,ks_sweep_Big-Chungus_20260803_173351.csv
Broadwell,dc_multicore,dc,solo,faithful,1,fit,prod,faithful,31,0,40,30,64,64,0,ifx 2026.0.0,cc70,3.3138990402E+00,3.4870028496E+00,676.305927,4900,96753,1.1269504893E+04,0,0,20,3,Big-Chungus,ad2cde0,ks_sweep_Big-Chungus_20260803_172017.csv
Broadwell,dc_multicore,dc,solo,faithful,1,fit,prod,faithful,51,0,40,50,64,64,0,flang 22.1.5,cc70,6.3163117506E+00,6.6977724084E+00,1289.043214,4900,99272,1.6897225677E+04,0,0,20,3,Big-Chungus,ad2cde0,ks_sweep_Big-Chungus_20260803_173351.csv
Broadwell,dc_multicore,dc,solo,faithful,1,fit,prod,faithful,51,0,40,50,64,64,0,ifx 2026.0.0,cc70,5.6426525116E+00,5.9056043625E+00,1151.561737,4900,99272,1.6897225677E+04,0,0,20,3,Big-Chungus,ad2cde0,ks_sweep_Big-Chungus_20260803_172017.csv
Broadwell,dc_multicore,dc,solo,faithful,1,fit,prod,faithful,76,0,40,75,64,64,0,flang 22.1.5,cc70,9.9590805941E+00,1.0063817154E+01,2032.465427,4900,99341,1.7354910659E+04,0,0,20,3,Big-Chungus,ad2cde0,ks_sweep_Big-Chungus_20260803_173351.csv
Broadwell,dc_multicore,dc,solo,faithful,1,fit,prod,faithful,76,0,40,75,64,64,0,ifx 2026.0.0,cc70,9.0070962906E+00,9.0358495712E+00,1838.182916,4900,99341,1.7354910659E+04,0,0,20,3,Big-Chungus,ad2cde0,ks_sweep_Big-Chungus_20260803_172017.csv
Broadwell,dc_multicore,dc,solo,faithful,1,prod,full,faithful,128,0,1,10,473,297,0,ifx 2026.0.0,none,1.9664319356E+02,2.2786251704E+02,1354.879828,145197,299883,1.7667795128E+04,0,0,6,3,Big-Chungus,4eef5e2,ks_min_Big-Chungus_20260804_065636.csv
Broadwell,dc_multicore,dc,solo,faithful,1,prod,full,faithful,128,0,1,100,473,297,0,ifx 2026.0.0,none,1.0751597007E+04,1.0788641373E+04,74078.953037,145137,2935887,5.1127272001E+05,0,0,3,3,Big-Chungus,4eef5e2,ks_min_Big-Chungus_20260804_065636.csv
Broadwell,dc_multicore,dc,solo,faithful,1,prod,full,faithful,128,0,1,25,473,297,0,ifx 2026.0.0,none,1.6461136341E+03,1.6546553771E+03,11341.791784,145137,2778428,2.4191559953E+05,0,0,3,3,Big-Chungus,4eef5e2,ks_min_Big-Chungus_20260804_065636.csv
Broadwell,dc_multicore,dc,solo,faithful,1,prod,full,faithful,128,0,1,30,473,297,0,ifx 2026.0.0,none,2.2021849950E+03,2.2074940205E+03,15173.146717,145137,2866522,3.2998816625E+05,0,0,3,3,Big-Chungus,4eef5e2,ks_min_Big-Chungus_20260804_065636.csv
Broadwell,dc_multicore,dc,solo,faithful,1,prod,full,faithful,128,0,1,50,473,297,0,ifx 2026.0.0,none,4.6172040304E+03,4.6295193036E+03,31812.728873,145137,2935578,4.9695304208E+05,0,0,3,3,Big-Chungus,4eef5e2,ks_min_Big-Chungus_20260804_065636.csv
Broadwell,dc_multicore,dc,solo,faithful,1,prod,full,faithful,128,0,1,75,473,297,0,ifx 2026.0.0,none,7.7029763858E+03,7.7299102942E+03,53073.829456,145137,2936000,5.1066355936E+05,0,0,3,3,Big-Chungus,4eef5e2,ks_min_Big-Chungus_20260804_065636.csv
Broadwell,dc_multicore,dc,solo,faithful,1,prod,full,faithful,128,0,40,10,473,297,0,ifx 2026.0.0,none,2.4594998941E+01,2.4931027339E+01,169.460571,145197,299883,1.7667795128E+04,0,0,41,3,Big-Chungus,4eef5e2,ks_min_Big-Chungus_20260804_065636.csv
Broadwell,dc_multicore,dc,solo,faithful,1,prod,full,faithful,128,0,40,100,473,297,0,ifx 2026.0.0,none,6.0005005201E+02,6.5822505951E+02,4134.369954,145137,2935887,5.1127272001E+05,0,0,3,3,Big-Chungus,4eef5e2,ks_min_Big-Chungus_20260804_065636.csv
Broadwell,dc_multicore,dc,solo,faithful,1,prod,full,faithful,128,0,40,25,473,297,0,ifx 2026.0.0,none,7.3252149991E+01,7.9677233329E+01,504.710377,145137,2778428,2.4191559953E+05,0,0,13,3,Big-Chungus,4eef5e2,ks_min_Big-Chungus_20260804_065636.csv
Broadwell,dc_multicore,dc,solo,faithful,1,prod,full,faithful,128,0,40,30,473,297,0,ifx 2026.0.0,none,1.2274728503E+02,1.3556098938E+02,845.733927,145137,2866522,3.2998816625E+05,0,0,8,3,Big-Chungus,4eef5e2,ks_min_Big-Chungus_20260804_065636.csv
Broadwell,dc_multicore,dc,solo,faithful,1,prod,full,faithful,128,0,40,50,473,297,0,ifx 2026.0.0,none,2.7745097876E+02,2.7841645479E+02,1911.648847,145137,2935578,4.9695304208E+05,0,0,3,3,Big-Chungus,4eef5e2,ks_min_Big-Chungus_20260804_065636.csv
Broadwell,dc_multicore,dc,solo,faithful,1,prod,full,faithful,128,0,40,75,473,297,0,ifx 2026.0.0,none,4.6540268262E+02,4.6574799220E+02,3206.643948,145137,2936000,5.1066355936E+05,0,0,3,3,Big-Chungus,4eef5e2,ks_min_Big-Chungus_20260804_065636.csv
Broadwell,dc_multicore,dc,solo,faithful,1,prod,prod,faithful,128,0,1,30,64,64,0,flang 22.1.5,cc70,7.1882307809E+01,7.1990858996E+01,14669.858737,4900,96753,1.1269504893E+04,0,0,5,3,Big-Chungus,ad2cde0,ks_sweep_Big-Chungus_20260803_173351.csv
Broadwell,dc_multicore,dc,solo,faithful,1,prod,prod,faithful,128,0,1,30,64,64,0,ifx 2026.0.0,cc70,7.2971582413E+01,7.3170185089E+01,14892.159676,4900,96753,1.1269504893E+04,0,0,5,3,Big-Chungus,ad2cde0,ks_sweep_Big-Chungus_20260803_172017.csv
Broadwell,dc_multicore,dc,solo,faithful,1,prod,prod,faithful,128,0,1,30,64,64,0,nvfortran,cc70,7.8088700000E+01,7.8118500000E+01,15936.469388,4900,96753,1.1269504893E+04,0,0,4,3,Big-Chungus,ad2cde0,ks_sweep_Big-Chungus_20260803_161137.csv
Broadwell,dc_multicore,dc,solo,faithful,1,prod,prod,faithful,128,0,16,30,64,64,0,flang 22.1.5,cc70,6.3514959416E+00,6.4166840515E+00,1296.223662,4900,96753,1.1269504893E+04,0,0,20,3,Big-Chungus,ad2cde0,ks_sweep_Big-Chungus_20260803_173351.csv
Broadwell,dc_multicore,dc,solo,faithful,1,prod,prod,faithful,128,0,16,30,64,64,0,ifx 2026.0.0,cc70,5.7776570320E+00,5.7785987854E+00,1179.113680,4900,96753,1.1269504893E+04,0,0,20,3,Big-Chungus,ad2cde0,ks_sweep_Big-Chungus_20260803_172017.csv
Broadwell,dc_multicore,dc,solo,faithful,1,prod,prod,faithful,128,0,16,30,64,64,0,nvfortran,cc70,6.8804000000E+00,6.9502000000E+00,1404.163265,4900,96753,1.1269504893E+04,0,0,20,3,Big-Chungus,ad2cde0,ks_sweep_Big-Chungus_20260803_161137.csv
Broadwell,dc_multicore,dc,solo,faithful,1,prod,prod,faithful,128,0,2,30,64,64,0,flang 22.1.5,cc70,3.8923700486E+01,3.8959461381E+01,7943.612344,4900,96753,1.1269504893E+04,0,0,8,3,Big-Chungus,ad2cde0,ks_sweep_Big-Chungus_20260803_173351.csv
Broadwell,dc_multicore,dc,solo,faithful,1,prod,prod,faithful,128,0,2,30,64,64,0,ifx 2026.0.0,cc70,3.9635270834E+01,3.9668232203E+01,8088.830782,4900,96753,1.1269504893E+04,0,0,8,3,Big-Chungus,ad2cde0,ks_sweep_Big-Chungus_20260803_172017.csv
Broadwell,dc_multicore,dc,solo,faithful,1,prod,prod,faithful,128,0,2,30,64,64,0,nvfortran,cc70,4.2367487500E+01,4.2580125000E+01,8646.426020,4900,96753,1.1269504893E+04,0,0,8,3,Big-Chungus,ad2cde0,ks_sweep_Big-Chungus_20260803_161137.csv
Broadwell,dc_multicore,dc,solo,faithful,1,prod,prod,faithful,128,0,32,30,64,64,0,flang 22.1.5,cc70,5.1541285939E+00,5.1738487557E+00,1051.862978,4900,96753,1.1269504893E+04,0,0,20,3,Big-Chungus,ad2cde0,ks_sweep_Big-Chungus_20260803_173351.csv
Broadwell,dc_multicore,dc,solo,faithful,1,prod,prod,faithful,128,0,32,30,64,64,0,ifx 2026.0.0,cc70,3.7437438965E+00,3.7446498871E+00,764.029367,4900,96753,1.1269504893E+04,0,0,20,3,Big-Chungus,ad2cde0,ks_sweep_Big-Chungus_20260803_172017.csv
Broadwell,dc_multicore,dc,solo,faithful,1,prod,prod,faithful,128,0,32,30,64,64,0,nvfortran,cc70,5.3985000000E+00,5.4215450000E+00,1101.734694,4900,96753,1.1269504893E+04,0,0,20,3,Big-Chungus,ad2cde0,ks_sweep_Big-Chungus_20260803_161137.csv
Broadwell,dc_multicore,dc,solo,faithful,1,prod,prod,faithful,128,0,4,30,64,64,0,flang 22.1.5,cc70,2.1204349926E+01,2.1229776259E+01,4327.418352,4900,96753,1.1269504893E+04,0,0,15,3,Big-Chungus,ad2cde0,ks_sweep_Big-Chungus_20260803_173351.csv
Broadwell,dc_multicore,dc,solo,faithful,1,prod,prod,faithful,128,0,4,30,64,64,0,ifx 2026.0.0,cc70,2.1161397298E+01,2.1300268173E+01,4318.652510,4900,96753,1.1269504893E+04,0,0,15,3,Big-Chungus,ad2cde0,ks_sweep_Big-Chungus_20260803_172017.csv
Broadwell,dc_multicore,dc,solo,faithful,1,prod,prod,faithful,128,0,4,30,64,64,0,nvfortran,cc70,2.3167214286E+01,2.3213992308E+01,4728.002916,4900,96753,1.1269504893E+04,0,0,13,3,Big-Chungus,ad2cde0,ks_sweep_Big-Chungus_20260803_161137.csv
Broadwell,dc_multicore,dc,solo,faithful,1,prod,prod,faithful,128,0,40,10,64,64,0,flang 22.1.5,cc70,9.5450370573E-01,9.7157855053E-01,194.796675,4902,11606,6.8205675711E+02,0,0,20,3,Big-Chungus,ad2cde0,ks_sweep_Big-Chungus_20260803_173351.csv
Broadwell,dc_multicore,dc,solo,faithful,1,prod,prod,faithful,128,0,40,10,64,64,0,ifx 2026.0.0,cc70,8.0274343491E-01,8.0339908600E-01,163.825191,4902,11606,6.8205675711E+02,0,0,20,3,Big-Chungus,ad2cde0,ks_sweep_Big-Chungus_20260803_172017.csv
Broadwell,dc_multicore,dc,solo,faithful,1,prod,prod,faithful,128,0,40,100,64,64,0,flang 22.1.5,cc70,1.3596866850E+01,1.3647738949E+01,2774.870786,4900,99315,1.7375307995E+04,0,0,20,3,Big-Chungus,ad2cde0,ks_sweep_Big-Chungus_20260803_173351.csv
Broadwell,dc_multicore,dc,solo,faithful,1,prod,prod,faithful,128,0,40,100,64,64,0,ifx 2026.0.0,cc70,1.2469291687E+01,1.2910854816E+01,2544.753406,4900,99315,1.7375307995E+04,0,0,20,3,Big-Chungus,ad2cde0,ks_sweep_Big-Chungus_20260803_172017.csv
Broadwell,dc_multicore,dc,solo,faithful,1,prod,prod,faithful,128,0,40,25,64,64,0,flang 22.1.5,cc70,2.8825764544E+00,3.1362773036E+00,588.280909,4900,93699,8.2706422989E+03,0,0,20,3,Big-Chungus,ad2cde0,ks_sweep_Big-Chungus_20260803_173351.csv
Broadwell,dc_multicore,dc,solo,faithful,1,prod,prod,faithful,128,0,40,25,64,64,0,ifx 2026.0.0,cc70,2.5397062302E+00,2.5472402573E+00,518.307394,4900,93699,8.2706422989E+03,0,0,20,3,Big-Chungus,ad2cde0,ks_sweep_Big-Chungus_20260803_172017.csv
Broadwell,dc_multicore,dc,solo,faithful,1,prod,prod,faithful,128,0,40,30,64,64,0,flang 22.1.5,cc70,3.4839203581E+00,3.5419965978E+00,711.004155,4900,96753,1.1269504893E+04,0,0,20,3,Big-Chungus,ad2cde0,ks_sweep_Big-Chungus_20260803_173351.csv
Broadwell,dc_multicore,dc,solo,faithful,1,prod,prod,faithful,128,0,40,30,64,64,0,ifx 2026.0.0,cc70,3.0099511147E+00,3.0729532242E+00,614.275738,4900,96753,1.1269504893E+04,0,0,20,3,Big-Chungus,ad2cde0,ks_sweep_Big-Chungus_20260803_172017.csv
Broadwell,dc_multicore,dc,solo,faithful,1,prod,prod,faithful,128,0,40,30,64,64,0,nvfortran,cc70,3.6795500000E+00,4.0961500000E+00,750.928571,4900,96753,1.1269504893E+04,0,0,20,3,Big-Chungus,ad2cde0,ks_sweep_Big-Chungus_20260803_161137.csv
Broadwell,dc_multicore,dc,solo,faithful,1,prod,prod,faithful,128,0,40,50,64,64,0,flang 22.1.5,cc70,6.5626689000E+00,6.6094187554E+00,1339.320184,4900,99272,1.6897225677E+04,0,0,20,3,Big-Chungus,ad2cde0,ks_sweep_Big-Chungus_20260803_173351.csv
Broadwell,dc_multicore,dc,solo,faithful,1,prod,prod,faithful,128,0,40,50,64,64,0,ifx 2026.0.0,cc70,5.8433413506E+00,7.3463916779E+00,1192.518643,4900,99272,1.6897225677E+04,0,0,20,3,Big-Chungus,ad2cde0,ks_sweep_Big-Chungus_20260803_172017.csv
Broadwell,dc_multicore,dc,solo,faithful,1,prod,prod,faithful,128,0,40,75,64,64,0,flang 22.1.5,cc70,1.0321391001E+01,1.0485046101E+01,2106.406327,4900,99341,1.7354910659E+04,0,0,20,3,Big-Chungus,ad2cde0,ks_sweep_Big-Chungus_20260803_173351.csv
Broadwell,dc_multicore,dc,solo,faithful,1,prod,prod,faithful,128,0,40,75,64,64,0,ifx 2026.0.0,cc70,8.8116526604E+00,9.8860502243E+00,1798.296461,4900,99341,1.7354910659E+04,0,0,20,3,Big-Chungus,ad2cde0,ks_sweep_Big-Chungus_20260803_172017.csv
Broadwell,dc_multicore,dc,solo,faithful,1,prod,prod,faithful,128,0,8,30,64,64,0,flang 22.1.5,cc70,1.1136224342E+01,1.1212607101E+01,2272.698845,4900,96753,1.1269504893E+04,0,0,20,3,Big-Chungus,ad2cde0,ks_sweep_Big-Chungus_20260803_173351.csv
Broadwell,dc_multicore,dc,solo,faithful,1,prod,prod,faithful,128,0,8,30,64,64,0,ifx 2026.0.0,cc70,1.1102199554E+01,1.1178898811E+01,2265.755011,4900,96753,1.1269504893E+04,0,0,20,3,Big-Chungus,ad2cde0,ks_sweep_Big-Chungus_20260803_172017.csv
Broadwell,dc_multicore,dc,solo,faithful,1,prod,prod,faithful,128,0,8,30,64,64,0,nvfortran,cc70,1.2153495000E+01,1.2241505000E+01,2480.305102,4900,96753,1.1269504893E+04,0,0,20,3,Big-Chungus,ad2cde0,ks_sweep_Big-Chungus_20260803_161137.csv
Broadwell,dc_serial,,,faithful,1,fit,prod,faithful,11,0,1,10,32,32,0,nvfortran,,1.9753559211E+00,1.9753559211E+00,1367.975015,1445,4160,2.2026715013E+02,,,152,1,Big-Chungus,ad2cde0,ks_sweep_Big-Chungus_20260803_053235.csv
Broadwell,dc_serial,,,faithful,1,fit,prod,faithful,31,0,1,30,32,32,0,nvfortran,,2.2949850000E+01,2.2949850000E+01,15893.247922,1444,28493,3.4001410348E+03,,,14,1,Big-Chungus,ad2cde0,ks_sweep_Big-Chungus_20260803_053235.csv
Broadwell,dc_serial,,,faithful,1,prod,prod,faithful,128,0,1,10,32,32,0,nvfortran,,2.0624520000E+00,2.0624520000E+00,1428.290859,1445,4160,2.2026715013E+02,,,100,1,Big-Chungus,ad2cde0,ks_sweep_Big-Chungus_20260803_054401.csv
Broadwell,dc_serial,,,faithful,1,prod,prod,faithful,128,0,1,30,32,32,0,nvfortran,,2.3669823077E+01,2.3669823077E+01,16391.844236,1444,28493,3.4001410348E+03,,,13,1,Big-Chungus,ad2cde0,ks_sweep_Big-Chungus_20260803_054401.csv
Broadwell,dc_serial,dc,solo,faithful,1,fit,opt,faithful,31,1,1,30,64,64,0,nvfortran,cc70,7.6496000000E+01,7.6713500000E+01,15611.428571,4900,96753,1.1269504893E+04,0,0,4,3,Big-Chungus,ad2cde0,ks_sweep_Big-Chungus_20260803_162539.csv
Broadwell,dc_serial,dc,solo,faithful,1,fit,opt,faithful,76,1,1,75,64,64,0,nvfortran,cc70,2.7687566667E+02,2.7695266667E+02,56505.238096,4900,99341,1.7354910659E+04,0,0,3,3,Big-Chungus,ad2cde0,ks_sweep_Big-Chungus_20260803_162539.csv
Broadwell,dc_serial,dc,solo,faithful,1,fit,prod,faithful,101,0,1,100,64,64,0,flang 22.1.5,cc70,3.4752675596E+02,3.4756515936E+02,70923.827747,4900,99315,1.7375307995E+04,0,0,3,3,Big-Chungus,ad2cde0,ks_sweep_Big-Chungus_20260803_173351.csv
Broadwell,dc_serial,dc,solo,faithful,1,fit,prod,faithful,101,0,1,100,64,64,0,gfortran 16.1.0,cc70,3.5405150832E+02,3.5427766402E+02,72255.409861,4900,99315,1.7375307995E+04,0,0,3,3,Big-Chungus,ad2cde0,ks_sweep_Big-Chungus_20260803_171005.csv
Broadwell,dc_serial,dc,solo,faithful,1,fit,prod,faithful,101,0,1,100,64,64,0,ifx 2026.0.0,cc70,3.5605033239E+02,3.5653201739E+02,72663.333141,4900,99315,1.7375307995E+04,0,0,3,3,Big-Chungus,ad2cde0,ks_sweep_Big-Chungus_20260803_172017.csv
Broadwell,dc_serial,dc,solo,faithful,1,fit,prod,faithful,11,0,1,10,64,64,0,flang 22.1.5,cc70,6.9103315473E+00,6.9103937480E+00,1410.271744,4902,11606,6.8205675711E+02,0,0,20,3,Big-Chungus,ad2cde0,ks_sweep_Big-Chungus_20260803_173351.csv
Broadwell,dc_serial,dc,solo,faithful,1,fit,prod,faithful,11,0,1,10,64,64,0,gfortran 16.1.0,cc70,5.6017260533E+00,5.6086826953E+00,1143.209399,4902,11606,6.8205675711E+02,0,0,20,3,Big-Chungus,ad2cde0,ks_sweep_Big-Chungus_20260803_171005.csv
Broadwell,dc_serial,dc,solo,faithful,1,fit,prod,faithful,11,0,1,10,64,64,0,ifx 2026.0.0,cc70,5.7857513428E+00,5.7938933372E+00,1180.765580,4902,11606,6.8205675711E+02,0,0,20,3,Big-Chungus,ad2cde0,ks_sweep_Big-Chungus_20260803_172017.csv
Broadwell,dc_serial,dc,solo,faithful,1,fit,prod,faithful,26,0,1,25,64,64,0,flang 22.1.5,cc70,5.5190098006E+01,5.5415121683E+01,11263.285307,4900,93699,8.2706422989E+03,0,0,6,3,Big-Chungus,ad2cde0,ks_sweep_Big-Chungus_20260803_173351.csv
Broadwell,dc_serial,dc,solo,faithful,1,fit,prod,faithful,26,0,1,25,64,64,0,gfortran 16.1.0,cc70,5.3069408828E+01,5.3234420135E+01,10830.491598,4900,93699,8.2706422989E+03,0,0,6,3,Big-Chungus,ad2cde0,ks_sweep_Big-Chungus_20260803_171005.csv
Broadwell,dc_serial,dc,solo,faithful,1,fit,prod,faithful,26,0,1,25,64,64,0,ifx 2026.0.0,cc70,5.3833683332E+01,5.3977688154E+01,10986.465986,4900,93699,8.2706422989E+03,0,0,6,3,Big-Chungus,ad2cde0,ks_sweep_Big-Chungus_20260803_172017.csv
Broadwell,dc_serial,dc,solo,faithful,1,fit,prod,faithful,31,0,1,30,64,64,0,flang 22.1.5,cc70,7.2267162194E+01,7.2376319207E+01,14748.400448,4900,96753,1.1269504893E+04,0,0,5,3,Big-Chungus,ad2cde0,ks_sweep_Big-Chungus_20260803_173351.csv
Broadwell,dc_serial,dc,solo,faithful,1,fit,prod,faithful,31,0,1,30,64,64,0,gfortran 16.1.0,cc70,7.2348115779E+01,7.2452824004E+01,14764.921588,4900,96753,1.1269504893E+04,0,0,5,3,Big-Chungus,ad2cde0,ks_sweep_Big-Chungus_20260803_171005.csv
Broadwell,dc_serial,dc,solo,faithful,1,fit,prod,faithful,31,0,1,30,64,64,0,ifx 2026.0.0,cc70,7.2647619247E+01,7.2832202911E+01,14826.044744,4900,96753,1.1269504893E+04,0,0,5,3,Big-Chungus,ad2cde0,ks_sweep_Big-Chungus_20260803_172017.csv
Broadwell,dc_serial,dc,solo,faithful,1,fit,prod,faithful,51,0,1,50,64,64,0,flang 22.1.5,cc70,1.5159409097E+02,1.5164171369E+02,30937.569586,4900,99272,1.6897225677E+04,0,0,3,3,Big-Chungus,ad2cde0,ks_sweep_Big-Chungus_20260803_173351.csv
Broadwell,dc_serial,dc,solo,faithful,1,fit,prod,faithful,51,0,1,50,64,64,0,gfortran 16.1.0,cc70,1.5129150303E+02,1.5169265936E+02,30875.816945,4900,99272,1.6897225677E+04,0,0,3,3,Big-Chungus,ad2cde0,ks_sweep_Big-Chungus_20260803_171005.csv
Broadwell,dc_serial,dc,solo,faithful,1,fit,prod,faithful,51,0,1,50,64,64,0,ifx 2026.0.0,cc70,1.5366133054E+02,1.5366530418E+02,31359.455212,4900,99272,1.6897225677E+04,0,0,3,3,Big-Chungus,ad2cde0,ks_sweep_Big-Chungus_20260803_172017.csv
Broadwell,dc_serial,dc,solo,faithful,1,fit,prod,faithful,76,0,1,75,64,64,0,flang 22.1.5,cc70,2.5069779499E+02,2.5108274965E+02,51162.815304,4900,99341,1.7354910659E+04,0,0,3,3,Big-Chungus,ad2cde0,ks_sweep_Big-Chungus_20260803_173351.csv
Broadwell,dc_serial,dc,solo,faithful,1,fit,prod,faithful,76,0,1,75,64,64,0,gfortran 16.1.0,cc70,2.5395036962E+02,2.5439579769E+02,51826.606045,4900,99341,1.7354910659E+04,0,0,3,3,Big-Chungus,ad2cde0,ks_sweep_Big-Chungus_20260803_171005.csv
Broadwell,dc_serial,dc,solo,faithful,1,fit,prod,faithful,76,0,1,75,64,64,0,ifx 2026.0.0,cc70,2.5576599439E+02,2.5592033068E+02,52197.141712,4900,99341,1.7354910659E+04,0,0,3,3,Big-Chungus,ad2cde0,ks_sweep_Big-Chungus_20260803_172017.csv
Broadwell,dc_serial,dc,solo,faithful,1,prod,prod,faithful,128,0,1,10,64,64,0,flang 22.1.5,cc70,7.7717233449E+00,7.8566155047E+00,1586.065989,4902,11606,6.8205675711E+02,0,0,20,3,Big-Chungus,ad2cde0,ks_sweep_Big-Chungus_20260803_173351.csv
Broadwell,dc_serial,dc,solo,faithful,1,prod,prod,faithful,128,0,1,10,64,64,0,gfortran 16.1.0,cc70,5.6856914074E+00,5.7074188022E+00,1160.345185,4902,11606,6.8205675711E+02,0,0,20,3,Big-Chungus,ad2cde0,ks_sweep_Big-Chungus_20260803_171005.csv
Broadwell,dc_serial,dc,solo,faithful,1,prod,prod,faithful,128,0,1,10,64,64,0,ifx 2026.0.0,cc70,6.0752034187E+00,6.1002016068E+00,1239.837432,4902,11606,6.8205675711E+02,0,0,20,3,Big-Chungus,ad2cde0,ks_sweep_Big-Chungus_20260803_172017.csv
Broadwell,dc_serial,dc,solo,faithful,1,prod,prod,faithful,128,0,1,100,64,64,0,flang 22.1.5,cc70,3.4851968537E+02,3.4852450403E+02,71126.466402,4900,99315,1.7375307995E+04,0,0,3,3,Big-Chungus,ad2cde0,ks_sweep_Big-Chungus_20260803_173351.csv
Broadwell,dc_serial,dc,solo,faithful,1,prod,prod,faithful,128,0,1,100,64,64,0,gfortran 16.1.0,cc70,3.5425783267E+02,3.5432686168E+02,72297.516871,4900,99315,1.7375307995E+04,0,0,3,3,Big-Chungus,ad2cde0,ks_sweep_Big-Chungus_20260803_171005.csv
Broadwell,dc_serial,dc,solo,faithful,1,prod,prod,faithful,128,0,1,100,64,64,0,ifx 2026.0.0,cc70,3.5768032074E+02,3.5772760709E+02,72995.983824,4900,99315,1.7375307995E+04,0,0,3,3,Big-Chungus,ad2cde0,ks_sweep_Big-Chungus_20260803_172017.csv
Broadwell,dc_serial,dc,solo,faithful,1,prod,prod,faithful,128,0,1,25,64,64,0,flang 22.1.5,cc70,5.5974168664E+01,5.6310223493E+01,11423.299727,4900,93699,8.2706422989E+03,0,0,6,3,Big-Chungus,ad2cde0,ks_sweep_Big-Chungus_20260803_173351.csv
Broadwell,dc_serial,dc,solo,faithful,1,prod,prod,faithful,128,0,1,25,64,64,0,gfortran 16.1.0,cc70,5.3434439003E+01,5.3555336005E+01,10904.987552,4900,93699,8.2706422989E+03,0,0,6,3,Big-Chungus,ad2cde0,ks_sweep_Big-Chungus_20260803_171005.csv
Broadwell,dc_serial,dc,solo,faithful,1,prod,prod,faithful,128,0,1,25,64,64,0,ifx 2026.0.0,cc70,5.4431001345E+01,5.4447650909E+01,11108.367621,4900,93699,8.2706422989E+03,0,0,6,3,Big-Chungus,ad2cde0,ks_sweep_Big-Chungus_20260803_172017.csv
Broadwell,dc_serial,dc,solo,faithful,1,prod,prod,faithful,128,0,1,30,64,64,0,flang 22.1.5,cc70,7.3666797392E+01,7.4096084572E+01,15034.040284,4900,96753,1.1269504893E+04,0,0,5,3,Big-Chungus,ad2cde0,ks_sweep_Big-Chungus_20260803_173351.csv
Broadwell,dc_serial,dc,solo,faithful,1,prod,prod,faithful,128,0,1,30,64,64,0,gfortran 16.1.0,cc70,7.1559129795E+01,7.1622174000E+01,14603.904040,4900,96753,1.1269504893E+04,0,0,5,3,Big-Chungus,ad2cde0,ks_sweep_Big-Chungus_20260803_171005.csv
Broadwell,dc_serial,dc,solo,faithful,1,prod,prod,faithful,128,0,1,30,64,64,0,ifx 2026.0.0,cc70,7.2984600067E+01,7.3115587234E+01,14894.816340,4900,96753,1.1269504893E+04,0,0,5,3,Big-Chungus,ad2cde0,ks_sweep_Big-Chungus_20260803_172017.csv
Broadwell,dc_serial,dc,solo,faithful,1,prod,prod,faithful,128,0,1,50,64,64,0,flang 22.1.5,cc70,1.5211579863E+02,1.5284188363E+02,31044.040537,4900,99272,1.6897225677E+04,0,0,3,3,Big-Chungus,ad2cde0,ks_sweep_Big-Chungus_20260803_173351.csv
Broadwell,dc_serial,dc,solo,faithful,1,prod,prod,faithful,128,0,1,50,64,64,0,gfortran 16.1.0,cc70,1.5234353867E+02,1.5313661463E+02,31090.518096,4900,99272,1.6897225677E+04,0,0,3,3,Big-Chungus,ad2cde0,ks_sweep_Big-Chungus_20260803_171005.csv
Broadwell,dc_serial,dc,solo,faithful,1,prod,prod,faithful,128,0,1,50,64,64,0,ifx 2026.0.0,cc70,1.5457129478E+02,1.5468764305E+02,31545.162200,4900,99272,1.6897225677E+04,0,0,3,3,Big-Chungus,ad2cde0,ks_sweep_Big-Chungus_20260803_172017.csv
Broadwell,dc_serial,dc,solo,faithful,1,prod,prod,faithful,128,0,1,75,64,64,0,flang 22.1.5,cc70,2.5039542497E+02,2.5099468099E+02,51101.107137,4900,99341,1.7354910659E+04,0,0,3,3,Big-Chungus,ad2cde0,ks_sweep_Big-Chungus_20260803_173351.csv
Broadwell,dc_serial,dc,solo,faithful,1,prod,prod,faithful,128,0,1,75,64,64,0,gfortran 16.1.0,cc70,2.5453235729E+02,2.5465685199E+02,51945.379039,4900,99341,1.7354910659E+04,0,0,3,3,Big-Chungus,ad2cde0,ks_sweep_Big-Chungus_20260803_171005.csv
Broadwell,dc_serial,dc,solo,faithful,1,prod,prod,faithful,128,0,1,75,64,64,0,ifx 2026.0.0,cc70,2.5608436267E+02,2.5665831566E+02,52262.114831,4900,99341,1.7354910659E+04,0,0,3,3,Big-Chungus,ad2cde0,ks_sweep_Big-Chungus_20260803_172017.csv
Broadwell,serial_do,,,faithful,1,fit,prod,faithful,11,0,1,10,32,32,0,gfortran 13.3.0,,1.8379088724E+00,1.8379088724E+00,1272.790078,1445,4160,2.2026715013E+02,,,166,1,Big-Chungus,ad2cde0,ks_sweep_Big-Chungus_20260803_053235.csv
Broadwell,serial_do,,,faithful,1,fit,prod,faithful,11,0,1,10,32,32,0,nvfortran,,1.9893980132E+00,1.9893980132E+00,1377.699455,1445,4160,2.2026715013E+02,,,151,1,Big-Chungus,ad2cde0,ks_sweep_Big-Chungus_20260803_053235.csv
Broadwell,serial_do,,,faithful,1,fit,prod,faithful,31,0,1,30,32,32,0,gfortran 13.3.0,,2.1370388055E+01,2.1370388055E+01,14799.437711,1444,28493,3.4001410348E+03,,,15,1,Big-Chungus,ad2cde0,ks_sweep_Big-Chungus_20260803_054401.csv
Broadwell,serial_do,,,faithful,1,fit,prod,faithful,31,0,1,30,32,32,0,nvfortran,,2.3034350000E+01,2.3034350000E+01,15951.765928,1444,28493,3.4001410348E+03,,,14,1,Big-Chungus,ad2cde0,ks_sweep_Big-Chungus_20260803_053235.csv
Broadwell,serial_do,,,faithful,1,prod,prod,faithful,128,0,1,10,32,32,0,gfortran 13.3.0,,1.9855231895E+00,1.9855231895E+00,1375.016059,1445,4160,2.2026715013E+02,,,152,1,Big-Chungus,ad2cde0,ks_sweep_Big-Chungus_20260803_053235.csv
Broadwell,serial_do,,,faithful,1,prod,prod,faithful,128,0,1,10,32,32,0,nvfortran,,1.9799161375E+00,1.9799161375E+00,1371.133059,1445,4160,2.2026715013E+02,,,152,1,Big-Chungus,ad2cde0,ks_sweep_Big-Chungus_20260803_053235.csv
Broadwell,serial_do,,,faithful,1,prod,prod,faithful,128,0,1,30,32,32,0,gfortran 13.3.0,,2.1601542298E+01,2.1601542298E+01,14959.516827,1444,28493,3.4001410348E+03,,,14,1,Big-Chungus,ad2cde0,ks_sweep_Big-Chungus_20260803_053235.csv
Broadwell,serial_do,,,faithful,1,prod,prod,faithful,128,0,1,30,32,32,0,nvfortran,,2.1863860560E+01,2.1863860560E+01,15141.177673,1444,28493,3.4001410348E+03,,,14,1,Big-Chungus,ad2cde0,ks_sweep_Big-Chungus_20260803_053235.csv
Broadwell,serial_do,dc,solo,faithful,1,fit,opt,faithful,31,1,1,30,64,64,0,nvfortran,cc70,7.6592500000E+01,7.6680475000E+01,15631.122449,4900,96753,1.1269504893E+04,0,0,4,3,Big-Chungus,ad2cde0,ks_sweep_Big-Chungus_20260803_162539.csv
Broadwell,serial_do,dc,solo,faithful,1,fit,opt,faithful,76,1,1,75,64,64,0,nvfortran,cc70,2.7712003333E+02,2.7726070000E+02,56555.108843,4900,99341,1.7354910659E+04,0,0,3,3,Big-Chungus,ad2cde0,ks_sweep_Big-Chungus_20260803_162539.csv
Broadwell,serial_do,dc,solo,faithful,1,fit,prod,faithful,101,0,1,100,64,64,0,flang 22.1.5,cc70,3.4627125164E+02,3.4655703426E+02,70667.602376,4900,99315,1.7375307995E+04,0,0,3,3,Big-Chungus,ad2cde0,ks_sweep_Big-Chungus_20260803_173351.csv
Broadwell,serial_do,dc,solo,faithful,1,fit,prod,faithful,101,0,1,100,64,64,0,gfortran 16.1.0,cc70,3.5982800430E+02,3.5988645900E+02,73434.286592,4900,99315,1.7375307995E+04,0,0,3,3,Big-Chungus,ad2cde0,ks_sweep_Big-Chungus_20260803_171005.csv
Broadwell,serial_do,dc,solo,faithful,1,fit,prod,faithful,101,0,1,100,64,64,0,ifx 2026.0.0,cc70,3.5723892848E+02,3.5766633352E+02,72905.903771,4900,99315,1.7375307995E+04,0,0,3,3,Big-Chungus,ad2cde0,ks_sweep_Big-Chungus_20260803_172017.csv
Broadwell,serial_do,dc,solo,faithful,1,fit,prod,faithful,11,0,1,10,64,64,0,flang 22.1.5,cc70,5.9064229950E+00,5.9078656486E+00,1205.392448,4902,11606,6.8205675711E+02,0,0,20,3,Big-Chungus,ad2cde0,ks_sweep_Big-Chungus_20260803_173351.csv
Broadwell,serial_do,dc,solo,faithful,1,fit,prod,faithful,11,0,1,10,64,64,0,gfortran 16.1.0,cc70,5.5481000571E+00,5.5626869434E+00,1132.265318,4902,11606,6.8205675711E+02,0,0,20,3,Big-Chungus,ad2cde0,ks_sweep_Big-Chungus_20260803_171005.csv
Broadwell,serial_do,dc,solo,faithful,1,fit,prod,faithful,11,0,1,10,64,64,0,ifx 2026.0.0,cc70,5.7590007782E+00,5.7678461075E+00,1175.306281,4902,11606,6.8205675711E+02,0,0,20,3,Big-Chungus,ad2cde0,ks_sweep_Big-Chungus_20260803_172017.csv
Broadwell,serial_do,dc,solo,faithful,1,fit,prod,faithful,26,0,1,25,64,64,0,flang 22.1.5,cc70,5.3244591341E+01,5.3300712490E+01,10866.243131,4900,93699,8.2706422989E+03,0,0,6,3,Big-Chungus,ad2cde0,ks_sweep_Big-Chungus_20260803_173351.csv
Broadwell,serial_do,dc,solo,faithful,1,fit,prod,faithful,26,0,1,25,64,64,0,gfortran 16.1.0,cc70,5.2924746182E+01,5.3027208157E+01,10800.968609,4900,93699,8.2706422989E+03,0,0,6,3,Big-Chungus,ad2cde0,ks_sweep_Big-Chungus_20260803_171005.csv
Broadwell,serial_do,dc,solo,faithful,1,fit,prod,faithful,26,0,1,25,64,64,0,ifx 2026.0.0,cc70,5.3755323092E+01,5.3763667742E+01,10970.474100,4900,93699,8.2706422989E+03,0,0,6,3,Big-Chungus,ad2cde0,ks_sweep_Big-Chungus_20260803_172017.csv
Broadwell,serial_do,dc,solo,faithful,1,fit,prod,faithful,31,0,1,30,64,64,0,flang 22.1.5,cc70,7.0996234007E+01,7.1166052576E+01,14489.027348,4900,96753,1.1269504893E+04,0,0,5,3,Big-Chungus,ad2cde0,ks_sweep_Big-Chungus_20260803_173351.csv
Broadwell,serial_do,dc,solo,faithful,1,fit,prod,faithful,31,0,1,30,64,64,0,gfortran 16.1.0,cc70,7.1533009782E+01,7.1727049025E+01,14598.573425,4900,96753,1.1269504893E+04,0,0,5,3,Big-Chungus,ad2cde0,ks_sweep_Big-Chungus_20260803_171005.csv
Broadwell,serial_do,dc,solo,faithful,1,fit,prod,faithful,31,0,1,30,64,64,0,ifx 2026.0.0,cc70,7.2576808929E+01,7.2627782822E+01,14811.593659,4900,96753,1.1269504893E+04,0,0,5,3,Big-Chungus,ad2cde0,ks_sweep_Big-Chungus_20260803_172017.csv
Broadwell,serial_do,dc,solo,faithful,1,fit,prod,faithful,51,0,1,50,64,64,0,flang 22.1.5,cc70,1.5082618765E+02,1.5090205769E+02,30780.854622,4900,99272,1.6897225677E+04,0,0,3,3,Big-Chungus,ad2cde0,ks_sweep_Big-Chungus_20260803_173351.csv
Broadwell,serial_do,dc,solo,faithful,1,fit,prod,faithful,51,0,1,50,64,64,0,gfortran 16.1.0,cc70,1.5346301533E+02,1.5399435271E+02,31318.982720,4900,99272,1.6897225677E+04,0,0,3,3,Big-Chungus,ad2cde0,ks_sweep_Big-Chungus_20260803_171005.csv
Broadwell,serial_do,dc,solo,faithful,1,fit,prod,faithful,51,0,1,50,64,64,0,ifx 2026.0.0,cc70,1.5429902077E+02,1.5438103676E+02,31489.596076,4900,99272,1.6897225677E+04,0,0,3,3,Big-Chungus,ad2cde0,ks_sweep_Big-Chungus_20260803_172017.csv
Broadwell,serial_do,dc,solo,faithful,1,fit,prod,faithful,76,0,1,75,64,64,0,flang 22.1.5,cc70,2.4865012305E+02,2.4909996303E+02,50744.923071,4900,99341,1.7354910659E+04,0,0,3,3,Big-Chungus,ad2cde0,ks_sweep_Big-Chungus_20260803_173351.csv
Broadwell,serial_do,dc,solo,faithful,1,fit,prod,faithful,76,0,1,75,64,64,0,gfortran 16.1.0,cc70,2.5753639832E+02,2.5760442670E+02,52558.448637,4900,99341,1.7354910659E+04,0,0,3,3,Big-Chungus,ad2cde0,ks_sweep_Big-Chungus_20260803_171005.csv
Broadwell,serial_do,dc,solo,faithful,1,fit,prod,faithful,76,0,1,75,64,64,0,ifx 2026.0.0,cc70,2.5691366196E+02,2.5763972600E+02,52431.359584,4900,99341,1.7354910659E+04,0,0,3,3,Big-Chungus,ad2cde0,ks_sweep_Big-Chungus_20260803_172017.csv
Broadwell,serial_do,dc,solo,faithful,1,prod,prod,faithful,128,0,1,10,64,64,0,flang 22.1.5,cc70,6.0969152488E+00,6.2062480021E+00,1244.268418,4902,11606,6.8205675711E+02,0,0,20,3,Big-Chungus,ad2cde0,ks_sweep_Big-Chungus_20260803_173351.csv
Broadwell,serial_do,dc,solo,faithful,1,prod,prod,faithful,128,0,1,10,64,64,0,gfortran 16.1.0,cc70,5.9574706946E+00,6.0784520465E+00,1215.810346,4902,11606,6.8205675711E+02,0,0,20,3,Big-Chungus,ad2cde0,ks_sweep_Big-Chungus_20260803_171005.csv
Broadwell,serial_do,dc,solo,faithful,1,prod,prod,faithful,128,0,1,10,64,64,0,ifx 2026.0.0,cc70,6.0918450356E+00,6.1138510704E+00,1243.233681,4902,11606,6.8205675711E+02,0,0,20,3,Big-Chungus,ad2cde0,ks_sweep_Big-Chungus_20260803_172017.csv
Broadwell,serial_do,dc,solo,faithful,1,prod,prod,faithful,128,0,1,100,64,64,0,flang 22.1.5,cc70,3.4596842170E+02,3.4664602399E+02,70605.800347,4900,99315,1.7375307995E+04,0,0,3,3,Big-Chungus,ad2cde0,ks_sweep_Big-Chungus_20260803_173351.csv
Broadwell,serial_do,dc,solo,faithful,1,prod,prod,faithful,128,0,1,100,64,64,0,gfortran 16.1.0,cc70,3.5969510861E+02,3.5976253737E+02,73407.165022,4900,99315,1.7375307995E+04,0,0,3,3,Big-Chungus,ad2cde0,ks_sweep_Big-Chungus_20260803_171005.csv
Broadwell,serial_do,dc,solo,faithful,1,prod,prod,faithful,128,0,1,100,64,64,0,ifx 2026.0.0,cc70,3.5837205251E+02,3.5976266861E+02,73137.153573,4900,99315,1.7375307995E+04,0,0,3,3,Big-Chungus,ad2cde0,ks_sweep_Big-Chungus_20260803_172017.csv
Broadwell,serial_do,dc,solo,faithful,1,prod,prod,faithful,128,0,1,25,64,64,0,flang 22.1.5,cc70,5.4216840498E+01,5.4329362310E+01,11064.661326,4900,93699,8.2706422989E+03,0,0,6,3,Big-Chungus,ad2cde0,ks_sweep_Big-Chungus_20260803_173351.csv
Broadwell,serial_do,dc,solo,faithful,1,prod,prod,faithful,128,0,1,25,64,64,0,gfortran 16.1.0,cc70,5.3964399345E+01,5.4316049675E+01,11013.142723,4900,93699,8.2706422989E+03,0,0,6,3,Big-Chungus,ad2cde0,ks_sweep_Big-Chungus_20260803_171005.csv
Broadwell,serial_do,dc,solo,faithful,1,prod,prod,faithful,128,0,1,25,64,64,0,ifx 2026.0.0,cc70,5.4505507151E+01,5.4565310478E+01,11123.572888,4900,93699,8.2706422989E+03,0,0,6,3,Big-Chungus,ad2cde0,ks_sweep_Big-Chungus_20260803_172017.csv
Broadwell,serial_do,dc,solo,faithful,1,prod,prod,faithful,128,0,1,30,64,64,0,flang 22.1.5,cc70,7.1809530398E+01,7.1853013569E+01,14655.006204,4900,96753,1.1269504893E+04,0,0,5,3,Big-Chungus,ad2cde0,ks_sweep_Big-Chungus_20260803_173351.csv
Broadwell,serial_do,dc,solo,faithful,1,prod,prod,faithful,128,0,1,30,64,64,0,gfortran 16.1.0,cc70,7.2703938792E+01,7.3079860630E+01,14837.538529,4900,96753,1.1269504893E+04,0,0,5,3,Big-Chungus,ad2cde0,ks_sweep_Big-Chungus_20260803_171005.csv
Broadwell,serial_do,dc,solo,faithful,1,prod,prod,faithful,128,0,1,30,64,64,0,ifx 2026.0.0,cc70,7.3005390167E+01,7.3058795929E+01,14899.059218,4900,96753,1.1269504893E+04,0,0,5,3,Big-Chungus,ad2cde0,ks_sweep_Big-Chungus_20260803_172017.csv
Broadwell,serial_do,dc,solo,faithful,1,prod,prod,faithful,128,0,1,50,64,64,0,flang 22.1.5,cc70,1.5114735199E+02,1.5146110471E+02,30846.398365,4900,99272,1.6897225677E+04,0,0,3,3,Big-Chungus,ad2cde0,ks_sweep_Big-Chungus_20260803_173351.csv
Broadwell,serial_do,dc,solo,faithful,1,prod,prod,faithful,128,0,1,50,64,64,0,gfortran 16.1.0,cc70,1.5433196033E+02,1.5459752230E+02,31496.318435,4900,99272,1.6897225677E+04,0,0,3,3,Big-Chungus,ad2cde0,ks_sweep_Big-Chungus_20260803_171005.csv
Broadwell,serial_do,dc,solo,faithful,1,prod,prod,faithful,128,0,1,50,64,64,0,ifx 2026.0.0,cc70,1.5503136317E+02,1.5524530411E+02,31639.053708,4900,99272,1.6897225677E+04,0,0,3,3,Big-Chungus,ad2cde0,ks_sweep_Big-Chungus_20260803_172017.csv
Broadwell,serial_do,dc,solo,faithful,1,prod,prod,faithful,128,0,1,75,64,64,0,flang 22.1.5,cc70,2.4916682369E+02,2.5002902568E+02,50850.372182,4900,99341,1.7354910659E+04,0,0,3,3,Big-Chungus,ad2cde0,ks_sweep_Big-Chungus_20260803_173351.csv
Broadwell,serial_do,dc,solo,faithful,1,prod,prod,faithful,128,0,1,75,64,64,0,gfortran 16.1.0,cc70,2.5781992869E+02,2.5835973971E+02,52616.311978,4900,99341,1.7354910659E+04,0,0,3,3,Big-Chungus,ad2cde0,ks_sweep_Big-Chungus_20260803_171005.csv
Broadwell,serial_do,dc,solo,faithful,1,prod,prod,faithful,128,0,1,75,64,64,0,ifx 2026.0.0,cc70,2.5834266345E+02,2.5884032249E+02,52722.992541,4900,99341,1.7354910659E+04,0,0,3,3,Big-Chungus,ad2cde0,ks_sweep_Big-Chungus_20260803_172017.csv
EPYC 7A53,dc_multicore,dc,solo,faithful,1,fit,prod,faithful,101,0,1,100,64,64,0,amdflang 23.0.0,cc90,2.4584873775E+02,2.4589737421E+02,50173.211786,4900,99315,1.7375307995E+04,0,0,5,3,frontier08056,5f1887e,ks_min_frontier_20260804_000600.csv
EPYC 7A53,dc_multicore,dc,solo,faithful,1,fit,prod,faithful,101,0,16,100,64,64,0,amdflang 23.0.0,cc90,1.8252820987E+01,1.8259763853E+01,3725.065508,4900,99315,1.7375307995E+04,0,0,55,3,frontier08056,5f1887e,ks_min_frontier_20260804_000600.csv
EPYC 7A53,dc_multicore,dc,solo,faithful,1,fit,prod,faithful,101,0,32,100,64,64,0,amdflang 23.0.0,cc90,9.2347023869E+00,9.2358147586E+00,1884.633140,4900,99315,1.7375307995E+04,0,0,100,3,frontier08056,5f1887e,ks_min_frontier_20260804_000600.csv
EPYC 7A53,dc_multicore,dc,solo,faithful,1,fit,prod,faithful,101,0,56,100,64,64,0,amdflang 23.0.0,cc90,5.4941587383E+00,5.5084228981E+00,1121.256885,4900,99315,1.7375307995E+04,0,0,100,3,frontier08056,5f1887e,ks_min_frontier_20260804_000600.csv
EPYC 7A53,dc_multicore,dc,solo,faithful,1,fit,prod,faithful,101,0,8,100,64,64,0,amdflang 23.0.0,cc90,3.1815349094E+01,3.1877580580E+01,6492.928387,4900,99315,1.7375307995E+04,0,0,31,3,frontier08056,5f1887e,ks_min_frontier_20260804_000600.csv
EPYC 7A53,dc_multicore,dc,solo,faithful,1,fit,prod,faithful,11,0,1,10,64,64,0,amdflang 23.0.0,cc90,3.8288809545E+00,3.8315417105E+00,781.404276,4902,11606,6.8205675711E+02,0,0,100,3,frontier08056,5f1887e,ks_min_frontier_20260804_000600.csv
EPYC 7A53,dc_multicore,dc,solo,faithful,1,fit,prod,faithful,11,0,16,10,64,64,0,amdflang 23.0.0,cc90,1.0451237438E+00,1.0452602105E+00,213.290560,4902,11606,6.8205675711E+02,0,0,100,3,frontier08056,5f1887e,ks_min_frontier_20260804_000600.csv
EPYC 7A53,dc_multicore,dc,solo,faithful,1,fit,prod,faithful,11,0,32,10,64,64,0,amdflang 23.0.0,cc90,5.4212824907E-01,5.4249466397E-01,110.638418,4902,11606,6.8205675711E+02,0,0,100,3,frontier08056,5f1887e,ks_min_frontier_20260804_000600.csv
EPYC 7A53,dc_multicore,dc,solo,faithful,1,fit,prod,faithful,11,0,56,10,64,64,0,amdflang 23.0.0,cc90,3.2091779169E-01,3.2120575197E-01,65.493427,4902,11606,6.8205675711E+02,0,0,100,3,frontier08056,5f1887e,ks_min_frontier_20260804_000600.csv
EPYC 7A53,dc_multicore,dc,solo,faithful,1,fit,prod,faithful,11,0,8,10,64,64,0,amdflang 23.0.0,cc90,1.6199450893E+00,1.6224327078E+00,330.601039,4902,11606,6.8205675711E+02,0,0,100,3,frontier08056,5f1887e,ks_min_frontier_20260804_000600.csv
EPYC 7A53,dc_multicore,dc,solo,faithful,1,fit,prod,faithful,26,0,1,25,64,64,0,amdflang 23.0.0,cc90,3.7079332114E+01,3.7088591623E+01,7567.210636,4900,93699,8.2706422989E+03,0,0,28,3,frontier08056,5f1887e,ks_min_frontier_20260804_000600.csv
EPYC 7A53,dc_multicore,dc,solo,faithful,1,fit,prod,faithful,26,0,16,25,64,64,0,amdflang 23.0.0,cc90,3.4630331025E+00,3.4635348711E+00,706.741449,4900,93699,8.2706422989E+03,0,0,100,3,frontier08056,5f1887e,ks_min_frontier_20260804_000600.csv
EPYC 7A53,dc_multicore,dc,solo,faithful,1,fit,prod,faithful,26,0,32,25,64,64,0,amdflang 23.0.0,cc90,1.7555706576E+00,1.7570038419E+00,358.279726,4900,93699,8.2706422989E+03,0,0,100,3,frontier08056,5f1887e,ks_min_frontier_20260804_000600.csv
EPYC 7A53,dc_multicore,dc,solo,faithful,1,fit,prod,faithful,26,0,56,25,64,64,0,amdflang 23.0.0,cc90,1.0443943087E+00,1.0448591178E+00,213.141696,4900,93699,8.2706422989E+03,0,0,100,3,frontier08056,5f1887e,ks_min_frontier_20260804_000600.csv
EPYC 7A53,dc_multicore,dc,solo,faithful,1,fit,prod,faithful,26,0,8,25,64,64,0,amdflang 23.0.0,cc90,5.9128515609E+00,5.9138292633E+00,1206.704400,4900,93699,8.2706422989E+03,0,0,100,3,frontier08056,5f1887e,ks_min_frontier_20260804_000600.csv
EPYC 7A53,dc_multicore,dc,solo,faithful,1,fit,prod,faithful,31,0,1,30,64,64,0,amdflang 23.0.0,cc90,5.0007173698E+01,5.0026085605E+01,10205.545653,4900,96753,1.1269504893E+04,0,0,20,3,frontier08056,5f1887e,ks_min_frontier_20260804_000600.csv
EPYC 7A53,dc_multicore,dc,solo,faithful,1,fit,prod,faithful,31,0,16,30,64,64,0,amdflang 23.0.0,cc90,4.4755113311E+00,4.4759375602E+00,913.369659,4900,96753,1.1269504893E+04,0,0,100,3,frontier08056,5f1887e,ks_min_frontier_20260804_000600.csv
EPYC 7A53,dc_multicore,dc,solo,faithful,1,fit,prod,faithful,31,0,32,30,64,64,0,amdflang 23.0.0,cc90,2.2495507495E+00,2.2504380671E+00,459.091990,4900,96753,1.1269504893E+04,0,0,100,3,frontier08056,5f1887e,ks_min_frontier_20260804_000600.csv
EPYC 7A53,dc_multicore,dc,solo,faithful,1,fit,prod,faithful,31,0,56,30,64,64,0,amdflang 23.0.0,cc90,1.3218568405E+00,1.3286014181E+00,269.766702,4900,96753,1.1269504893E+04,0,0,100,3,frontier08056,5f1887e,ks_min_frontier_20260804_000600.csv
EPYC 7A53,dc_multicore,dc,solo,faithful,1,fit,prod,faithful,31,0,8,30,64,64,0,amdflang 23.0.0,cc90,7.6639526011E+00,7.6774256211E+00,1564.071959,4900,96753,1.1269504893E+04,0,0,100,3,frontier08056,5f1887e,ks_min_frontier_20260804_000600.csv
EPYC 7A53,dc_multicore,dc,solo,faithful,1,fit,prod,faithful,51,0,1,50,64,64,0,amdflang 23.0.0,cc90,1.0529528707E+02,1.0534651540E+02,21488.834096,4900,99272,1.6897225677E+04,0,0,10,3,frontier08056,5f1887e,ks_min_frontier_20260804_000600.csv
EPYC 7A53,dc_multicore,dc,solo,faithful,1,fit,prod,faithful,51,0,16,50,64,64,0,amdflang 23.0.0,cc90,8.4442981100E+00,8.4542571194E+00,1723.326145,4900,99272,1.6897225677E+04,0,0,100,3,frontier08056,5f1887e,ks_min_frontier_20260804_000600.csv
EPYC 7A53,dc_multicore,dc,solo,faithful,1,fit,prod,faithful,51,0,32,50,64,64,0,amdflang 23.0.0,cc90,4.2858080985E+00,4.2859331379E+00,874.654714,4900,99272,1.6897225677E+04,0,0,100,3,frontier08056,5f1887e,ks_min_frontier_20260804_000600.csv
EPYC 7A53,dc_multicore,dc,solo,faithful,1,fit,prod,faithful,51,0,56,50,64,64,0,amdflang 23.0.0,cc90,2.5351279089E+00,2.5378918787E+00,517.373043,4900,99272,1.6897225677E+04,0,0,100,3,frontier08056,5f1887e,ks_min_frontier_20260804_000600.csv
EPYC 7A53,dc_multicore,dc,solo,faithful,1,fit,prod,faithful,51,0,8,50,64,64,0,amdflang 23.0.0,cc90,1.4557420543E+01,1.4562152223E+01,2970.902152,4900,99272,1.6897225677E+04,0,0,68,3,frontier08056,5f1887e,ks_min_frontier_20260804_000600.csv
EPYC 7A53,dc_multicore,dc,solo,faithful,1,fit,prod,faithful,76,0,1,75,64,64,0,amdflang 23.0.0,cc90,1.7479748830E+02,1.7485654284E+02,35672.956796,4900,99341,1.7354910659E+04,0,0,6,3,frontier08056,5f1887e,ks_min_frontier_20260804_000600.csv
EPYC 7A53,dc_multicore,dc,solo,faithful,1,fit,prod,faithful,76,0,16,75,64,64,0,amdflang 23.0.0,cc90,1.3350430721E+01,1.3356513362E+01,2724.577698,4900,99341,1.7354910659E+04,0,0,75,3,frontier08056,5f1887e,ks_min_frontier_20260804_000600.csv
EPYC 7A53,dc_multicore,dc,solo,faithful,1,fit,prod,faithful,76,0,32,75,64,64,0,amdflang 23.0.0,cc90,6.7620032420E+00,6.7641428905E+00,1380.000662,4900,99341,1.7354910659E+04,0,0,100,3,frontier08056,5f1887e,ks_min_frontier_20260804_000600.csv
EPYC 7A53,dc_multicore,dc,solo,faithful,1,fit,prod,faithful,76,0,56,75,64,64,0,amdflang 23.0.0,cc90,4.0001427615E+00,4.0122450190E+00,816.355666,4900,99341,1.7354910659E+04,0,0,100,3,frontier08056,5f1887e,ks_min_frontier_20260804_000600.csv
EPYC 7A53,dc_multicore,dc,solo,faithful,1,fit,prod,faithful,76,0,8,75,64,64,0,amdflang 23.0.0,cc90,2.3160673386E+01,2.3174562381E+01,4726.668038,4900,99341,1.7354910659E+04,0,0,43,3,frontier08056,5f1887e,ks_min_frontier_20260804_000600.csv
EPYC 7A53,dc_multicore,dc,solo,faithful,1,prod,full,faithful,128,0,1,10,473,297,0,amdflang 23.0.0,none,1.1622677900E+02,1.1640116021E+02,800.807368,145197,299883,1.7667795128E+04,0,0,9,3,frontier00275,4581bbd,frontier_cpu_prod.csv
EPYC 7A53,dc_multicore,dc,solo,faithful,1,prod,full,faithful,128,0,1,100,473,297,0,amdflang 23.0.0,none,7.3722472290E+03,7.3836167403E+03,50795.091734,145137,2935887,5.1127272001E+05,0,0,3,3,frontier00275,4581bbd,frontier_cpu_prod.csv
EPYC 7A53,dc_multicore,dc,solo,faithful,1,prod,full,faithful,128,0,1,25,473,297,0,amdflang 23.0.0,none,1.1040723637E+03,1.1058416767E+03,7607.104761,145137,2778428,2.4191559953E+05,0,0,3,3,frontier00275,4581bbd,frontier_cpu_prod.csv
EPYC 7A53,dc_multicore,dc,solo,faithful,1,prod,full,faithful,128,0,1,30,473,297,0,amdflang 23.0.0,none,1.4763869817E+03,1.4770018813E+03,10172.368050,145137,2866522,3.2998816625E+05,0,0,3,3,frontier00275,4581bbd,frontier_cpu_prod.csv
EPYC 7A53,dc_multicore,dc,solo,faithful,1,prod,full,faithful,128,0,1,50,473,297,0,amdflang 23.0.0,none,3.1026421663E+03,3.1044447407E+03,21377.334286,145137,2935578,4.9695304208E+05,0,0,3,3,frontier00275,4581bbd,frontier_cpu_prod.csv
EPYC 7A53,dc_multicore,dc,solo,faithful,1,prod,full,faithful,128,0,1,75,473,297,0,amdflang 23.0.0,none,5.1800919770E+03,5.1878127763E+03,35691.050366,145137,2936000,5.1066355936E+05,0,0,3,3,frontier00275,4581bbd,frontier_cpu_prod.csv
EPYC 7A53,dc_multicore,dc,solo,faithful,1,prod,full,faithful,128,0,56,10,473,297,0,amdflang 23.0.0,none,9.3185540393E+00,9.3360306101E+00,64.205227,145197,299883,1.7667795128E+04,0,0,100,3,frontier00275,4581bbd,frontier_cpu_prod.csv
EPYC 7A53,dc_multicore,dc,solo,faithful,1,prod,full,faithful,128,0,56,100,473,297,0,amdflang 23.0.0,none,1.5833991257E+02,1.5846975743E+02,1090.968620,145137,2935887,5.1127272001E+05,0,0,7,3,frontier00275,4581bbd,frontier_cpu_prod.csv
EPYC 7A53,dc_multicore,dc,solo,faithful,1,prod,full,faithful,128,0,56,25,473,297,0,amdflang 23.0.0,none,2.9855608618E+01,2.9987707787E+01,205.706392,145137,2778428,2.4191559953E+05,0,0,34,3,frontier00275,4581bbd,frontier_cpu_prod.csv
EPYC 7A53,dc_multicore,dc,solo,faithful,1,prod,full,faithful,128,0,56,30,473,297,0,amdflang 23.0.0,none,3.7456394591E+01,3.7548336446E+01,258.076125,145137,2866522,3.2998816625E+05,0,0,27,3,frontier00275,4581bbd,frontier_cpu_prod.csv
EPYC 7A53,dc_multicore,dc,solo,faithful,1,prod,full,faithful,128,0,56,50,473,297,0,amdflang 23.0.0,none,7.1729078066E+01,7.1789622198E+01,494.216348,145137,2935578,4.9695304208E+05,0,0,14,3,frontier00275,4581bbd,frontier_cpu_prod.csv
EPYC 7A53,dc_multicore,dc,solo,faithful,1,prod,full,faithful,128,0,56,75,473,297,0,amdflang 23.0.0,none,1.1375734311E+02,1.1388371411E+02,783.792852,145137,2936000,5.1066355936E+05,0,0,9,3,frontier00275,4581bbd,frontier_cpu_prod.csv
EPYC 7A53,dc_multicore,dc,solo,faithful,1,prod,prod,faithful,128,0,1,10,64,64,0,amdflang 23.0.0,cc90,3.9178204676E+00,3.9182852721E+00,799.555197,4902,11606,6.8205675711E+02,0,0,100,3,frontier08056,5f1887e,ks_min_frontier_20260804_000600.csv
EPYC 7A53,dc_multicore,dc,solo,faithful,1,prod,prod,faithful,128,0,1,100,64,64,0,amdflang 23.0.0,cc90,2.4717212459E+02,2.4744089553E+02,50443.290733,4900,99315,1.7375307995E+04,0,0,5,3,frontier08056,5f1887e,ks_min_frontier_20260804_000600.csv
EPYC 7A53,dc_multicore,dc,solo,faithful,1,prod,prod,faithful,128,0,1,25,64,64,0,amdflang 23.0.0,cc90,3.7565802776E+01,3.7566018774E+01,7666.490362,4900,93699,8.2706422989E+03,0,0,27,3,frontier08056,5f1887e,ks_min_frontier_20260804_000600.csv
EPYC 7A53,dc_multicore,dc,solo,faithful,1,prod,prod,faithful,128,0,1,30,64,64,0,amdflang 23.0.0,cc90,5.0245222193E+01,5.0274307095E+01,10254.126978,4900,96753,1.1269504893E+04,0,0,20,3,frontier08056,5f1887e,ks_min_frontier_20260804_000600.csv
EPYC 7A53,dc_multicore,dc,solo,faithful,1,prod,prod,faithful,128,0,1,50,64,64,0,amdflang 23.0.0,cc90,1.0559810726E+02,1.0565869971E+02,21550.634135,4900,99272,1.6897225677E+04,0,0,10,3,frontier08056,5f1887e,ks_min_frontier_20260804_000600.csv
EPYC 7A53,dc_multicore,dc,solo,faithful,1,prod,prod,faithful,128,0,1,75,64,64,0,amdflang 23.0.0,cc90,1.7636778935E+02,1.7660513629E+02,35993.426398,4900,99341,1.7354910659E+04,0,0,6,3,frontier08056,5f1887e,ks_min_frontier_20260804_000600.csv
EPYC 7A53,dc_multicore,dc,solo,faithful,1,prod,prod,faithful,128,0,16,10,64,64,0,amdflang 23.0.0,cc90,1.0659581330E+00,1.0680097109E+00,217.542476,4902,11606,6.8205675711E+02,0,0,100,3,frontier08056,5f1887e,ks_min_frontier_20260804_000600.csv
EPYC 7A53,dc_multicore,dc,solo,faithful,1,prod,prod,faithful,128,0,16,100,64,64,0,amdflang 23.0.0,cc90,1.8273747822E+01,1.8275881982E+01,3729.336290,4900,99315,1.7375307995E+04,0,0,55,3,frontier08056,5f1887e,ks_min_frontier_20260804_000600.csv
EPYC 7A53,dc_multicore,dc,solo,faithful,1,prod,prod,faithful,128,0,16,25,64,64,0,amdflang 23.0.0,cc90,3.4880698379E+00,3.4884087974E+00,711.850987,4900,93699,8.2706422989E+03,0,0,100,3,frontier08056,5f1887e,ks_min_frontier_20260804_000600.csv
EPYC 7A53,dc_multicore,dc,solo,faithful,1,prod,prod,faithful,128,0,16,30,64,64,0,amdflang 23.0.0,cc90,4.4936497090E+00,4.4944688911E+00,917.071369,4900,96753,1.1269504893E+04,0,0,100,3,frontier08056,5f1887e,ks_min_frontier_20260804_000600.csv
EPYC 7A53,dc_multicore,dc,solo,faithful,1,prod,prod,faithful,128,0,16,50,64,64,0,amdflang 23.0.0,cc90,8.4558326704E+00,8.4623286687E+00,1725.680137,4900,99272,1.6897225677E+04,0,0,100,3,frontier08056,5f1887e,ks_min_frontier_20260804_000600.csv
EPYC 7A53,dc_multicore,dc,solo,faithful,1,prod,prod,faithful,128,0,16,75,64,64,0,amdflang 23.0.0,cc90,1.3379686108E+01,1.3384100683E+01,2730.548185,4900,99341,1.7354910659E+04,0,0,75,3,frontier08056,5f1887e,ks_min_frontier_20260804_000600.csv
EPYC 7A53,dc_multicore,dc,solo,faithful,1,prod,prod,faithful,128,0,32,10,64,64,0,amdflang 23.0.0,cc90,5.4949915037E-01,5.4979131091E-01,112.142684,4902,11606,6.8205675711E+02,0,0,100,3,frontier08056,5f1887e,ks_min_frontier_20260804_000600.csv
EPYC 7A53,dc_multicore,dc,solo,faithful,1,prod,prod,faithful,128,0,32,100,64,64,0,amdflang 23.0.0,cc90,9.2448383570E+00,9.2514500814E+00,1886.701706,4900,99315,1.7375307995E+04,0,0,100,3,frontier08056,5f1887e,ks_min_frontier_20260804_000600.csv
EPYC 7A53,dc_multicore,dc,solo,faithful,1,prod,prod,faithful,128,0,32,25,64,64,0,amdflang 23.0.0,cc90,1.7705377797E+00,1.7709222296E+00,361.334241,4900,93699,8.2706422989E+03,0,0,100,3,frontier08056,5f1887e,ks_min_frontier_20260804_000600.csv
EPYC 7A53,dc_multicore,dc,solo,faithful,1,prod,prod,faithful,128,0,32,30,64,64,0,amdflang 23.0.0,cc90,2.2631024290E+00,2.2642758116E+00,461.857639,4900,96753,1.1269504893E+04,0,0,100,3,frontier08056,5f1887e,ks_min_frontier_20260804_000600.csv
EPYC 7A53,dc_multicore,dc,solo,faithful,1,prod,prod,faithful,128,0,32,50,64,64,0,amdflang 23.0.0,cc90,4.2970437789E+00,4.2989818426E+00,876.947710,4900,99272,1.6897225677E+04,0,0,100,3,frontier08056,5f1887e,ks_min_frontier_20260804_000600.csv
EPYC 7A53,dc_multicore,dc,solo,faithful,1,prod,prod,faithful,128,0,32,75,64,64,0,amdflang 23.0.0,cc90,6.7749551497E+00,6.7754683504E+00,1382.643908,4900,99341,1.7354910659E+04,0,0,100,3,frontier08056,5f1887e,ks_min_frontier_20260804_000600.csv
EPYC 7A53,dc_multicore,dc,solo,faithful,1,prod,prod,faithful,128,0,56,10,64,64,0,amdflang 23.0.0,cc90,3.2785724849E-01,3.2934845425E-01,66.909643,4902,11606,6.8205675711E+02,0,0,100,3,frontier08056,5f1887e,ks_min_frontier_20260804_000600.csv
EPYC 7A53,dc_multicore,dc,solo,faithful,1,prod,prod,faithful,128,0,56,100,64,64,0,amdflang 23.0.0,cc90,5.5374570889E+00,5.5380886188E+00,1130.093283,4900,99315,1.7375307995E+04,0,0,100,3,frontier08056,5f1887e,ks_min_frontier_20260804_000600.csv
EPYC 7A53,dc_multicore,dc,solo,faithful,1,prod,prod,faithful,128,0,56,25,64,64,0,amdflang 23.0.0,cc90,1.0523054516E+00,1.0523528513E+00,214.756215,4900,93699,8.2706422989E+03,0,0,100,3,frontier08056,5f1887e,ks_min_frontier_20260804_000600.csv
EPYC 7A53,dc_multicore,dc,solo,faithful,1,prod,prod,faithful,128,0,56,30,64,64,0,amdflang 23.0.0,cc90,1.3378140936E+00,1.3385084225E+00,273.023284,4900,96753,1.1269504893E+04,0,0,100,3,frontier08056,5f1887e,ks_min_frontier_20260804_000600.csv
EPYC 7A53,dc_multicore,dc,solo,faithful,1,prod,prod,faithful,128,0,56,50,64,64,0,amdflang 23.0.0,cc90,2.5607984001E+00,2.5624334579E+00,522.611918,4900,99272,1.6897225677E+04,0,0,100,3,frontier08056,5f1887e,ks_min_frontier_20260804_000600.csv
EPYC 7A53,dc_multicore,dc,solo,faithful,1,prod,prod,faithful,128,0,56,75,64,64,0,amdflang 23.0.0,cc90,4.0211121319E+00,4.0249903500E+00,820.635129,4900,99341,1.7354910659E+04,0,0,100,3,frontier08056,5f1887e,ks_min_frontier_20260804_000600.csv
EPYC 7A53,dc_multicore,dc,solo,faithful,1,prod,prod,faithful,128,0,8,10,64,64,0,amdflang 23.0.0,cc90,1.6552414233E+00,1.6666845977E+00,337.804372,4902,11606,6.8205675711E+02,0,0,100,3,frontier08056,5f1887e,ks_min_frontier_20260804_000600.csv
EPYC 7A53,dc_multicore,dc,solo,faithful,1,prod,prod,faithful,128,0,8,100,64,64,0,amdflang 23.0.0,cc90,3.1885213910E+01,3.1886448258E+01,6507.186512,4900,99315,1.7375307995E+04,0,0,31,3,frontier08056,5f1887e,ks_min_frontier_20260804_000600.csv
EPYC 7A53,dc_multicore,dc,solo,faithful,1,prod,prod,faithful,128,0,8,25,64,64,0,amdflang 23.0.0,cc90,5.9547927603E+00,5.9663500823E+00,1215.263829,4900,93699,8.2706422989E+03,0,0,100,3,frontier08056,5f1887e,ks_min_frontier_20260804_000600.csv
EPYC 7A53,dc_multicore,dc,solo,faithful,1,prod,prod,faithful,128,0,8,30,64,64,0,amdflang 23.0.0,cc90,7.6822344400E+00,7.6935193175E+00,1567.802947,4900,96753,1.1269504893E+04,0,0,100,3,frontier08056,5f1887e,ks_min_frontier_20260804_000600.csv
EPYC 7A53,dc_multicore,dc,solo,faithful,1,prod,prod,faithful,128,0,8,50,64,64,0,amdflang 23.0.0,cc90,1.4577839836E+01,1.4582693739E+01,2975.069354,4900,99272,1.6897225677E+04,0,0,67,3,frontier08056,5f1887e,ks_min_frontier_20260804_000600.csv
EPYC 7A53,dc_multicore,dc,solo,faithful,1,prod,prod,faithful,128,0,8,75,64,64,0,amdflang 23.0.0,cc90,2.3224867758E+01,2.3225629123E+01,4739.768930,4900,99341,1.7354910659E+04,0,0,42,3,frontier08056,5f1887e,ks_min_frontier_20260804_000600.csv
EPYC 7A53,dc_serial,dc,solo,faithful,1,fit,prod,faithful,101,0,1,100,64,64,0,amdflang 23.0.0,cc90,2.4570515938E+02,2.4575839033E+02,50143.910078,4900,99315,1.7375307995E+04,0,0,5,3,frontier08056,5f1887e,ks_min_frontier_20260804_000400.csv
EPYC 7A53,dc_serial,dc,solo,faithful,1,fit,prod,faithful,11,0,1,10,64,64,0,amdflang 23.0.0,cc90,4.3360951031E+00,4.3408590136E+00,884.917368,4902,11606,6.8205675711E+02,0,0,100,3,frontier08056,5f1887e,ks_min_frontier_20260804_000400.csv
EPYC 7A53,dc_serial,dc,solo,faithful,1,fit,prod,faithful,26,0,1,25,64,64,0,amdflang 23.0.0,cc90,3.8135620110E+01,3.8154451073E+01,7782.779614,4900,93699,8.2706422989E+03,0,0,27,3,frontier08056,5f1887e,ks_min_frontier_20260804_000400.csv
EPYC 7A53,dc_serial,dc,solo,faithful,1,fit,prod,faithful,31,0,1,30,64,64,0,amdflang 23.0.0,cc90,5.0296781398E+01,5.0296844542E+01,10264.649265,4900,96753,1.1269504893E+04,0,0,20,3,frontier08056,5f1887e,ks_min_frontier_20260804_000400.csv
EPYC 7A53,dc_serial,dc,solo,faithful,1,fit,prod,faithful,51,0,1,50,64,64,0,amdflang 23.0.0,cc90,1.0563953300E+02,1.0565823619E+02,21559.088367,4900,99272,1.6897225677E+04,0,0,10,3,frontier08056,5f1887e,ks_min_frontier_20260804_000400.csv
EPYC 7A53,dc_serial,dc,solo,faithful,1,fit,prod,faithful,76,0,1,75,64,64,0,amdflang 23.0.0,cc90,1.7527521169E+02,1.7529681015E+02,35770.451365,4900,99341,1.7354910659E+04,0,0,6,3,frontier08056,5f1887e,ks_min_frontier_20260804_000400.csv
EPYC 7A53,dc_serial,dc,solo,faithful,1,prod,prod,faithful,128,0,1,10,64,64,0,amdflang 23.0.0,cc90,4.7975412942E+00,4.8036278924E+00,979.090060,4902,11606,6.8205675711E+02,0,0,100,3,frontier08056,5f1887e,ks_min_frontier_20260804_000400.csv
EPYC 7A53,dc_serial,dc,solo,faithful,1,prod,prod,faithful,128,0,1,100,64,64,0,amdflang 23.0.0,cc90,2.4700997360E+02,2.4715550523E+02,50410.198694,4900,99315,1.7375307995E+04,0,0,5,3,frontier08056,5f1887e,ks_min_frontier_20260804_000400.csv
EPYC 7A53,dc_serial,dc,solo,faithful,1,prod,prod,faithful,128,0,1,25,64,64,0,amdflang 23.0.0,cc90,3.8255039430E+01,3.8280063550E+01,7807.150904,4900,93699,8.2706422989E+03,0,0,27,3,frontier08056,5f1887e,ks_min_frontier_20260804_000400.csv
EPYC 7A53,dc_serial,dc,solo,faithful,1,prod,prod,faithful,128,0,1,30,64,64,0,amdflang 23.0.0,cc90,5.1088543609E+01,5.1093850448E+01,10426.233390,4900,96753,1.1269504893E+04,0,0,20,3,frontier08056,5f1887e,ks_min_frontier_20260804_000400.csv
EPYC 7A53,dc_serial,dc,solo,faithful,1,prod,prod,faithful,128,0,1,50,64,64,0,amdflang 23.0.0,cc90,1.0620883470E+02,1.0624158122E+02,21675.272388,4900,99272,1.6897225677E+04,0,0,10,3,frontier08056,5f1887e,ks_min_frontier_20260804_000400.csv
EPYC 7A53,dc_serial,dc,solo,faithful,1,prod,prod,faithful,128,0,1,75,64,64,0,amdflang 23.0.0,cc90,1.7550419100E+02,1.7557904582E+02,35817.181837,4900,99341,1.7354910659E+04,0,0,6,3,frontier08056,5f1887e,ks_min_frontier_20260804_000400.csv
EPYC 7A53,serial_do,dc,solo,faithful,1,fit,prod,faithful,101,0,1,100,64,64,0,amdflang 23.0.0,cc90,2.4518244117E+02,2.4521025922E+02,50037.232892,4900,99315,1.7375307995E+04,0,0,5,3,frontier08056,5f1887e,ks_min_frontier_20260804_000100.csv
EPYC 7A53,serial_do,dc,solo,faithful,1,fit,prod,faithful,11,0,1,10,64,64,0,amdflang 23.0.0,cc90,3.8558497000E+00,3.8603270939E+00,786.908102,4902,11606,6.8205675711E+02,0,0,100,3,frontier08056,5f1887e,ks_min_frontier_20260804_000100.csv
EPYC 7A53,serial_do,dc,solo,faithful,1,fit,prod,faithful,26,0,1,25,64,64,0,amdflang 23.0.0,cc90,3.7045174296E+01,3.7047739641E+01,7560.239652,4900,93699,8.2706422989E+03,0,0,28,3,frontier08056,5f1887e,ks_min_frontier_20260804_000100.csv
EPYC 7A53,serial_do,dc,solo,faithful,1,fit,prod,faithful,31,0,1,30,64,64,0,amdflang 23.0.0,cc90,4.9822003847E+01,4.9828474521E+01,10167.755887,4900,96753,1.1269504893E+04,0,0,21,3,frontier08056,5f1887e,ks_min_frontier_20260804_000100.csv
EPYC 7A53,serial_do,dc,solo,faithful,1,fit,prod,faithful,51,0,1,50,64,64,0,amdflang 23.0.0,cc90,1.0472054603E+02,1.0472106799E+02,21371.540006,4900,99272,1.6897225677E+04,0,0,10,3,frontier08056,5f1887e,ks_min_frontier_20260804_000100.csv
EPYC 7A53,serial_do,dc,solo,faithful,1,fit,prod,faithful,76,0,1,75,64,64,0,amdflang 23.0.0,cc90,1.7374603171E+02,1.7377029701E+02,35458.373818,4900,99341,1.7354910659E+04,0,0,6,3,frontier08056,5f1887e,ks_min_frontier_20260804_000100.csv
EPYC 7A53,serial_do,dc,solo,faithful,1,prod,prod,faithful,128,0,1,10,64,64,0,amdflang 23.0.0,cc90,3.8747599674E+00,3.8761077914E+00,790.767340,4902,11606,6.8205675711E+02,0,0,100,3,frontier08056,5f1887e,ks_min_frontier_20260804_000100.csv
EPYC 7A53,serial_do,dc,solo,faithful,1,prod,prod,faithful,128,0,1,100,64,64,0,amdflang 23.0.0,cc90,2.4586819122E+02,2.4587348532E+02,50177.181882,4900,99315,1.7375307995E+04,0,0,5,3,frontier08056,5f1887e,ks_min_frontier_20260804_000100.csv
EPYC 7A53,serial_do,dc,solo,faithful,1,prod,prod,faithful,128,0,1,25,64,64,0,amdflang 23.0.0,cc90,3.7373866368E+01,3.7385253667E+01,7627.319667,4900,93699,8.2706422989E+03,0,0,27,3,frontier08056,5f1887e,ks_min_frontier_20260804_000100.csv
EPYC 7A53,serial_do,dc,solo,faithful,1,prod,prod,faithful,128,0,1,30,64,64,0,amdflang 23.0.0,cc90,4.9990079100E+01,5.0046808156E+01,10202.056959,4900,96753,1.1269504893E+04,0,0,21,3,frontier08056,5f1887e,ks_min_frontier_20260804_000100.csv
EPYC 7A53,serial_do,dc,solo,faithful,1,prod,prod,faithful,128,0,1,50,64,64,0,amdflang 23.0.0,cc90,1.0490051359E+02,1.0494045308E+02,21408.268080,4900,99272,1.6897225677E+04,0,0,10,3,frontier08056,5f1887e,ks_min_frontier_20260804_000100.csv
EPYC 7A53,serial_do,dc,solo,faithful,1,prod,prod,faithful,128,0,1,75,64,64,0,amdflang 23.0.0,cc90,1.7429638483E+02,1.7430342843E+02,35570.690782,4900,99341,1.7354910659E+04,0,0,6,3,frontier08056,5f1887e,ks_min_frontier_20260804_000100.csv
GH200,cuda_faithful,cuda_faithful,cmp,cuda,1,fit,prod,faithful,101,0,1,100,473,297,0,nvfortran 26.3,cc90,4.1645164000E+01,4.1653232000E+01,286.936922,145137,2935887,5.1127272001E+05,96,52640,25,3,gh1,5f1887e,ks_min_gh2_20260804_002200.csv
GH200,cuda_faithful,cuda_faithful,cmp,cuda,1,fit,prod,faithful,11,0,1,10,473,297,0,nvfortran 26.3,cc90,1.3348010000E+00,1.3349290000E+00,9.196835,145197,299883,1.7667795128E+04,96,6560,100,3,gh1,5f1887e,ks_min_gh2_20260804_002200.csv
GH200,cuda_faithful,cuda_faithful,cmp,cuda,1,fit,prod,faithful,26,0,1,25,473,297,0,nvfortran 26.3,cc90,6.3747600000E+00,6.3767820000E+00,43.922363,145137,2778428,2.4191559953E+05,96,14240,100,3,gh1,5f1887e,ks_min_gh2_20260804_002200.csv
GH200,cuda_faithful,cuda_faithful,cmp,cuda,1,fit,prod,faithful,31,0,1,30,473,297,0,nvfortran 26.3,cc90,8.4045290000E+00,8.4074400000E+00,57.907556,145137,2866522,3.2998816625E+05,96,16800,100,3,gh1,5f1887e,ks_min_gh2_20260804_002200.csv
GH200,cuda_faithful,cuda_faithful,cmp,cuda,1,fit,prod,faithful,51,0,1,50,473,297,0,nvfortran 26.3,cc90,1.7582266667E+01,1.7582436842E+01,121.142553,145137,2935578,4.9695304208E+05,96,27040,57,3,gh1,5f1887e,ks_min_gh2_20260804_002200.csv
GH200,cuda_faithful,cuda_faithful,cmp,cuda,1,fit,prod,faithful,76,0,1,75,473,297,0,nvfortran 26.3,cc90,2.9405711429E+01,2.9414617647E+01,202.606582,145137,2936000,5.1066355936E+05,96,39840,35,3,gh1,5f1887e,ks_min_gh2_20260804_002200.csv
GH200,cuda_faithful,cuda_faithful,cmp,cuda,1,prod,prod,faithful,128,0,1,10,473,297,0,nvfortran 26.3,cc90,1.3487690000E+00,1.3491200000E+00,9.293075,145197,299883,1.7667795128E+04,96,66464,100,3,gh1,5f1887e,ks_min_gh2_20260804_002200.csv
GH200,cuda_faithful,cuda_faithful,cmp,cuda,1,prod,prod,faithful,128,0,1,100,473,297,0,nvfortran 26.3,cc90,4.1447124000E+01,4.1447236000E+01,285.572418,145137,2935887,5.1127272001E+05,96,66464,25,3,gh1,5f1887e,ks_min_gh2_20260804_002200.csv
GH200,cuda_faithful,cuda_faithful,cmp,cuda,1,prod,prod,faithful,128,0,1,25,473,297,0,nvfortran 26.3,cc90,6.3754610000E+00,6.3762500000E+00,43.927193,145137,2778428,2.4191559953E+05,96,66464,100,3,gh1,5f1887e,ks_min_gh2_20260804_002200.csv
GH200,cuda_faithful,cuda_faithful,cmp,cuda,1,prod,prod,faithful,128,0,1,30,473,297,0,nvfortran 26.3,cc90,8.2989000000E+00,8.3025310000E+00,57.179768,145137,2866522,3.2998816625E+05,96,66464,100,3,gh1,5f1887e,ks_min_gh2_20260804_002200.csv
GH200,cuda_faithful,cuda_faithful,cmp,cuda,1,prod,prod,faithful,128,0,1,50,473,297,0,nvfortran 26.3,cc90,1.7437827586E+01,1.7441379310E+01,120.147361,145137,2935578,4.9695304208E+05,96,66464,58,3,gh1,5f1887e,ks_min_gh2_20260804_002200.csv
GH200,cuda_faithful,cuda_faithful,cmp,cuda,1,prod,prod,faithful,128,0,1,75,473,297,0,nvfortran 26.3,cc90,2.9411997059E+01,2.9413152941E+01,202.649890,145137,2936000,5.1066355936E+05,96,66464,35,3,gh1,5f1887e,ks_min_gh2_20260804_002200.csv
GH200,cuda_opt,cuda_opt,cmp,cuda,1,fit,prod,faithful,101,0,1,100,473,297,0,nvfortran 26.3,cc90,4.1597604000E+01,4.1614924000E+01,286.609231,145137,2935887,5.1127272001E+05,96,52640,25,3,gh1,5f1887e,ks_min_gh2_20260804_002200.csv
GH200,cuda_opt,cuda_opt,cmp,cuda,1,fit,prod,faithful,11,0,1,10,473,297,0,nvfortran 26.3,cc90,1.3333400000E+00,1.3334010000E+00,9.186768,145197,299883,1.7667795128E+04,96,6560,100,3,gh1,5f1887e,ks_min_gh2_20260804_002200.csv
GH200,cuda_opt,cuda_opt,cmp,cuda,1,fit,prod,faithful,26,0,1,25,473,297,0,nvfortran 26.3,cc90,6.3757110000E+00,6.3779410000E+00,43.928915,145137,2778428,2.4191559953E+05,96,14240,100,3,gh1,5f1887e,ks_min_gh2_20260804_002200.csv
GH200,cuda_opt,cuda_opt,cmp,cuda,1,fit,prod,faithful,31,0,1,30,473,297,0,nvfortran 26.3,cc90,8.4071180000E+00,8.4087110000E+00,57.925395,145137,2866522,3.2998816625E+05,96,16800,100,3,gh1,5f1887e,ks_min_gh2_20260804_002200.csv
GH200,cuda_opt,cuda_opt,cmp,cuda,1,fit,prod,faithful,51,0,1,50,473,297,0,nvfortran 26.3,cc90,1.7562407018E+01,1.7564296491E+01,121.005719,145137,2935578,4.9695304208E+05,96,27040,57,3,gh1,5f1887e,ks_min_gh2_20260804_002200.csv
GH200,cuda_opt,cuda_opt,cmp,cuda,1,fit,prod,faithful,76,0,1,75,473,297,0,nvfortran 26.3,cc90,2.9379142857E+01,2.9381529412E+01,202.423523,145137,2936000,5.1066355936E+05,96,39840,34,3,gh1,5f1887e,ks_min_gh2_20260804_002200.csv
GH200,cuda_opt,cuda_opt,cmp,cuda,1,prod,prod,faithful,128,0,1,10,473,297,0,nvfortran 26.3,cc90,1.3509510000E+00,1.3510200000E+00,9.308109,145197,299883,1.7667795128E+04,96,66464,100,3,gh1,5f1887e,ks_min_gh2_20260804_002200.csv
GH200,cuda_opt,cuda_opt,cmp,cuda,1,prod,prod,faithful,128,0,1,100,473,297,0,nvfortran 26.3,cc90,4.1400880000E+01,4.1404200000E+01,285.253795,145137,2935887,5.1127272001E+05,96,66464,25,3,gh1,5f1887e,ks_min_gh2_20260804_002200.csv
GH200,cuda_opt,cuda_opt,cmp,cuda,1,prod,prod,faithful,128,0,1,25,473,297,0,nvfortran 26.3,cc90,6.3756010000E+00,6.3764620000E+00,43.928158,145137,2778428,2.4191559953E+05,96,66464,100,3,gh1,5f1887e,ks_min_gh2_20260804_002200.csv
GH200,cuda_opt,cuda_opt,cmp,cuda,1,prod,prod,faithful,128,0,1,30,473,297,0,nvfortran 26.3,cc90,8.2993890000E+00,8.3008190000E+00,57.183137,145137,2866522,3.2998816625E+05,96,66464,100,3,gh1,5f1887e,ks_min_gh2_20260804_002200.csv
GH200,cuda_opt,cuda_opt,cmp,cuda,1,prod,prod,faithful,128,0,1,50,473,297,0,nvfortran 26.3,cc90,1.7423777586E+01,1.7425413793E+01,120.050556,145137,2935578,4.9695304208E+05,96,66464,58,3,gh1,5f1887e,ks_min_gh2_20260804_002200.csv
GH200,cuda_opt,cuda_opt,cmp,cuda,1,prod,prod,faithful,128,0,1,75,473,297,0,nvfortran 26.3,cc90,2.9387651429E+01,2.9388374286E+01,202.482147,145137,2936000,5.1066355936E+05,96,66464,35,3,gh1,5f1887e,ks_min_gh2_20260804_002200.csv
GH200,dc_gpu,dc,cmp,faithful,1,fit,prod,faithful,101,0,1,100,473,297,0,nvfortran 26.3,cc90,7.3523014286E+01,7.3525071429E+01,506.576643,145137,2935887,5.1127272001E+05,254,52944,14,3,gh1,5f1887e,ks_min_gh2_20260804_002200.csv
GH200,dc_gpu,dc,cmp,faithful,1,fit,prod,faithful,11,0,1,10,473,297,0,nvfortran 26.3,cc90,1.7586190000E+00,1.7594390000E+00,12.116958,145197,299883,1.7667795128E+04,254,6864,100,3,gh1,5f1887e,ks_min_gh2_20260804_002200.csv
GH200,dc_gpu,dc,cmp,faithful,1,fit,prod,faithful,26,0,1,25,473,297,0,nvfortran 26.3,cc90,9.2853600000E+00,9.2862390000E+00,63.976519,145137,2778428,2.4191559953E+05,254,14544,100,3,gh1,5f1887e,ks_min_gh2_20260804_002200.csv
GH200,dc_gpu,dc,cmp,faithful,1,fit,prod,faithful,31,0,1,30,473,297,0,nvfortran 26.3,cc90,1.2701798734E+01,1.2703870886E+01,87.515924,145137,2866522,3.2998816625E+05,254,17104,79,3,gh1,5f1887e,ks_min_gh2_20260804_002200.csv
GH200,dc_gpu,dc,cmp,faithful,1,fit,prod,faithful,51,0,1,50,473,297,0,nvfortran 26.3,cc90,2.9003222857E+01,2.9005485714E+01,199.833418,145137,2935578,4.9695304208E+05,254,27344,35,3,gh1,5f1887e,ks_min_gh2_20260804_002200.csv
GH200,dc_gpu,dc,cmp,faithful,1,fit,prod,faithful,76,0,1,75,473,297,0,nvfortran 26.3,cc90,5.0281060000E+01,5.0295090000E+01,346.438606,145137,2936000,5.1066355936E+05,254,40144,20,3,gh1,5f1887e,ks_min_gh2_20260804_002200.csv
GH200,dc_gpu,dc,cmp,faithful,1,prod,prod,faithful,128,0,1,10,473,297,0,nvfortran 26.3,cc90,1.8764090000E+00,1.8770200000E+00,12.928536,145197,299883,1.7667795128E+04,254,66768,100,3,gh1,5f1887e,ks_min_gh2_20260804_002200.csv
GH200,dc_gpu,dc,cmp,faithful,1,prod,prod,faithful,128,0,1,100,473,297,0,nvfortran 26.3,cc90,7.2088564286E+01,7.2092300000E+01,496.693223,145137,2935887,5.1127272001E+05,254,66768,14,3,gh1,5f1887e,ks_min_gh2_20260804_002200.csv
GH200,dc_gpu,dc,cmp,faithful,1,prod,prod,faithful,128,0,1,25,473,297,0,nvfortran 26.3,cc90,9.5188280000E+00,9.5198680000E+00,65.585123,145137,2778428,2.4191559953E+05,254,66768,100,3,gh1,5f1887e,ks_min_gh2_20260804_002200.csv
GH200,dc_gpu,dc,cmp,faithful,1,prod,prod,faithful,128,0,1,30,473,297,0,nvfortran 26.3,cc90,1.2808267949E+01,1.2810936709E+01,88.249502,145137,2866522,3.2998816625E+05,254,66768,79,3,gh1,5f1887e,ks_min_gh2_20260804_002200.csv
GH200,dc_gpu,dc,cmp,faithful,1,prod,prod,faithful,128,0,1,50,473,297,0,nvfortran 26.3,cc90,2.8745342857E+01,2.8745405714E+01,198.056614,145137,2935578,4.9695304208E+05,254,66768,35,3,gh1,5f1887e,ks_min_gh2_20260804_002200.csv
GH200,dc_gpu,dc,cmp,faithful,1,prod,prod,faithful,128,0,1,75,473,297,0,nvfortran 26.3,cc90,5.0400755000E+01,5.0410055000E+01,347.263310,145137,2936000,5.1066355936E+05,254,66768,20,3,gh1,5f1887e,ks_min_gh2_20260804_002200.csv
GH200,dc_gpu,dc,solo,faithful,1,fit,full,faithful,31,0,1,30,128,128,0,nvfortran 26.3,cc90,2.3497000000E+00,2.3499510000E+00,130.858766,17956,354567,4.0977598153E+04,254,17008,100,3,gh1,4581bbd,gh200_scaling.csv
GH200,dc_gpu,dc,solo,faithful,1,fit,full,faithful,31,0,1,30,256,256,0,nvfortran 26.3,cc90,6.7869500000E+00,6.7912890000E+00,98.871715,68644,1355819,1.5615137393E+05,254,17008,100,3,gh1,4581bbd,gh200_scaling.csv
GH200,dc_gpu,dc,solo,faithful,1,fit,full,faithful,31,0,1,30,32,32,0,nvfortran 26.3,cc90,1.4954490000E+00,1.4958310000E+00,1035.629501,1444,28493,3.4001410348E+03,254,17008,100,3,gh1,4581bbd,gh200_scaling.csv
GH200,dc_gpu,dc,solo,faithful,1,fit,full,faithful,31,0,1,30,64,64,0,nvfortran 26.3,cc90,1.5497810000E+00,1.5500090000E+00,316.281837,4900,96753,1.1269504893E+04,254,17008,100,3,gh1,4581bbd,gh200_scaling.csv
GH200,dc_gpu,dc,solo,faithful,1,fit,full,faithful,76,0,1,75,1024,1024,0,nvfortran 26.3,cc90,3.3384800000E+02,3.3393503333E+02,314.683759,1060900,21465420,3.7306650941E+06,254,40048,3,3,gh1,4581bbd,gh200_scaling.csv
GH200,dc_gpu,dc,solo,faithful,1,fit,full,faithful,76,0,1,75,1024,512,0,nvfortran 26.3,cc90,1.6869298333E+02,1.6871786667E+02,316.176825,533540,10792625,1.8767585173E+06,254,40048,6,3,gh1,4581bbd,gh200_scaling.csv
GH200,dc_gpu,dc,solo,faithful,1,fit,full,faithful,76,0,1,75,2048,1024,0,nvfortran 26.3,cc90,6.4891363333E+02,6.4893000000E+02,306.725042,2115620,42800351,7.4403986076E+06,254,40048,3,3,gh1,4581bbd,gh200_scaling.csv
GH200,dc_gpu,dc,solo,faithful,1,fit,full,faithful,76,0,1,75,2048,2048,0,nvfortran 26.3,cc90,1.2916207333E+03,1.2917076000E+03,306.149905,4218916,85366301,1.4831252740E+07,254,40048,3,3,gh1,4581bbd,gh200_scaling.csv
GH200,dc_gpu,dc,solo,faithful,1,fit,full,faithful,76,0,1,75,256,256,0,nvfortran 26.3,cc90,2.6179356410E+01,2.6180200000E+01,381.378655,68644,1389243,2.4154173553E+05,254,40048,39,3,gh1,4581bbd,gh200_scaling.csv
GH200,dc_gpu,dc,solo,faithful,1,fit,full,faithful,76,0,1,75,473,297,0,nvfortran 26.3,cc90,5.0655605000E+01,5.0657845000E+01,349.019237,145137,2936000,5.1066355936E+05,254,40048,20,3,gh1,4581bbd,gh200_scaling.csv
GH200,dc_gpu,dc,solo,faithful,1,fit,full,faithful,76,0,1,75,512,512,0,nvfortran 26.3,cc90,8.7395750000E+01,8.7399758333E+01,325.709776,268324,5429346,9.4366337969E+05,254,40048,12,3,gh1,4581bbd,gh200_scaling.csv
GH200,dc_gpu,dc,solo,faithful,1,fit,prod,faithful,101,0,1,100,473,297,0,nvfortran 26.3,cc90,7.3547142857E+01,7.3564714286E+01,506.742890,145137,2935887,5.1127272001E+05,254,52944,14,3,gh1,5f1887e,ks_min_gh2_20260804_002200.csv
GH200,dc_gpu,dc,solo,faithful,1,fit,prod,faithful,11,0,1,10,473,297,0,nvfortran 26.3,cc90,1.7317200000E+00,1.7343090000E+00,11.931623,145197,299883,1.7667795128E+04,0,0,100,3,gh1,c3c2a0c,ks_min_gh1_20260803_181847.csv
GH200,dc_gpu,dc,solo,faithful,1,fit,prod,faithful,26,0,1,25,473,297,0,nvfortran 26.3,cc90,9.1115690000E+00,9.1121910000E+00,62.779091,145137,2778428,2.4191559953E+05,0,0,100,3,gh1,c3c2a0c,ks_min_gh1_20260803_181847.csv
GH200,dc_gpu,dc,solo,faithful,1,fit,prod,faithful,31,0,1,30,473,297,0,nvfortran 26.3,cc90,1.2556787500E+01,1.2565336250E+01,86.516791,145137,2866522,3.2998816625E+05,0,0,80,3,gh1,c3c2a0c,ks_min_gh1_20260803_181847.csv
GH200,dc_gpu,dc,solo,faithful,1,fit,prod,faithful,51,0,1,50,473,297,0,nvfortran 26.3,cc90,2.8862260000E+01,2.8870371429E+01,198.862178,145137,2935578,4.9695304208E+05,0,0,35,3,gh1,c3c2a0c,ks_min_gh1_20260803_181847.csv
GH200,dc_gpu,dc,solo,faithful,1,fit,prod,faithful,76,0,1,75,473,297,0,nvfortran 26.3,cc90,5.0255850000E+01,5.0256005000E+01,346.264908,145137,2936000,5.1066355936E+05,0,0,20,3,gh1,c3c2a0c,ks_min_gh1_20260803_181847.csv
GH200,dc_gpu,dc,solo,faithful,1,prod,prod,faithful,128,0,1,10,473,297,0,nvfortran 26.3,cc90,1.8692800000E+00,1.8704800000E+00,12.879417,145197,299883,1.7667795128E+04,0,0,100,3,gh1,c3c2a0c,ks_min_gh1_20260803_181847.csv
GH200,dc_gpu,dc,solo,faithful,1,prod,prod,faithful,128,0,1,100,473,297,0,nvfortran 26.3,cc90,7.2079571429E+01,7.2081792857E+01,496.631262,145137,2935887,5.1127272001E+05,254,66768,14,3,gh1,5f1887e,ks_min_gh2_20260804_002200.csv
GH200,dc_gpu,dc,solo,faithful,1,prod,prod,faithful,128,0,1,25,473,297,0,nvfortran 26.3,cc90,9.3868310000E+00,9.3876720000E+00,64.675658,145137,2778428,2.4191559953E+05,0,0,100,3,gh1,c3c2a0c,ks_min_gh1_20260803_181847.csv
GH200,dc_gpu,dc,solo,faithful,1,prod,prod,faithful,128,0,1,30,473,297,0,nvfortran 26.3,cc90,1.2696786076E+01,1.2699721519E+01,87.481387,145137,2866522,3.2998816625E+05,0,0,79,3,gh1,c3c2a0c,ks_min_gh1_20260803_181847.csv
GH200,dc_gpu,dc,solo,faithful,1,prod,prod,faithful,128,0,1,50,473,297,0,nvfortran 26.3,cc90,2.8637717143E+01,2.8657142857E+01,197.315069,145137,2935578,4.9695304208E+05,0,0,35,3,gh1,c3c2a0c,ks_min_gh1_20260803_181847.csv
GH200,dc_gpu,dc,solo,faithful,1,prod,prod,faithful,128,0,1,75,473,297,0,nvfortran 26.3,cc90,5.0391855000E+01,5.0397695000E+01,347.201988,145137,2936000,5.1066355936E+05,254,66768,20,3,gh1,5f1887e,ks_min_gh2_20260804_002200.csv
Grace,dc_multicore,dc,solo,faithful,1,fit,prod,faithful,101,0,1,100,64,64,0,nvfortran 26.3,cc90,2.1868940000E+02,2.1892058000E+02,44630.489796,4900,99315,1.7375307995E+04,0,0,5,3,gh2,d65ed5a,ks_min_gh2_20260804_003049.csv
Grace,dc_multicore,dc,solo,faithful,1,fit,prod,faithful,101,0,18,100,64,64,0,nvfortran 26.3,cc90,1.3074712987E+01,1.3085519481E+01,2668.308773,4900,99315,1.7375307995E+04,0,0,77,3,gh2,d65ed5a,ks_min_gh2_20260804_003049.csv
Grace,dc_multicore,dc,solo,faithful,1,fit,prod,faithful,101,0,36,100,64,64,0,nvfortran 26.3,cc90,6.5684700000E+00,6.5718200000E+00,1340.504082,4900,99315,1.7375307995E+04,0,0,100,3,gh2,d65ed5a,ks_min_gh2_20260804_003049.csv
Grace,dc_multicore,dc,solo,faithful,1,fit,prod,faithful,101,0,72,100,64,64,0,nvfortran 26.3,cc90,3.3537490000E+00,3.3598310000E+00,684.438571,4900,99315,1.7375307995E+04,0,0,100,3,gh2,d65ed5a,ks_min_gh2_20260804_003049.csv
Grace,dc_multicore,dc,solo,faithful,1,fit,prod,faithful,101,0,8,100,64,64,0,nvfortran 26.3,cc90,2.9175055882E+01,2.9220200000E+01,5954.093037,4900,99315,1.7375307995E+04,0,0,34,3,gh2,d65ed5a,ks_min_gh2_20260804_003049.csv
Grace,dc_multicore,dc,solo,faithful,1,fit,prod,faithful,11,0,1,10,64,64,0,nvfortran 26.3,cc90,3.2056400000E+00,3.2071180000E+00,654.212245,4902,11606,6.8205675711E+02,0,0,100,3,gh2,d65ed5a,ks_min_gh2_20260804_003049.csv
Grace,dc_multicore,dc,solo,faithful,1,fit,prod,faithful,11,0,18,10,64,64,0,nvfortran 26.3,cc90,6.8156000000E-01,6.8181100000E-01,139.093878,4902,11606,6.8205675711E+02,0,0,100,3,gh2,d65ed5a,ks_min_gh2_20260804_003049.csv
Grace,dc_multicore,dc,solo,faithful,1,fit,prod,faithful,11,0,36,10,64,64,0,nvfortran 26.3,cc90,3.4806000000E-01,3.4852900000E-01,71.032653,4902,11606,6.8205675711E+02,0,0,100,3,gh2,d65ed5a,ks_min_gh2_20260804_003049.csv
Grace,dc_multicore,dc,solo,faithful,1,fit,prod,faithful,11,0,72,10,64,64,0,nvfortran 26.3,cc90,1.9475900000E-01,1.9477800000E-01,39.746735,4902,11606,6.8205675711E+02,0,0,100,3,gh2,d65ed5a,ks_min_gh2_20260804_003049.csv
Grace,dc_multicore,dc,solo,faithful,1,fit,prod,faithful,11,0,8,10,64,64,0,nvfortran 26.3,cc90,1.3931900000E+00,1.4024590000E+00,284.324490,4902,11606,6.8205675711E+02,0,0,100,3,gh2,d65ed5a,ks_min_gh2_20260804_003049.csv
Grace,dc_multicore,dc,solo,faithful,1,fit,prod,faithful,26,0,1,25,64,64,0,nvfortran 26.3,cc90,3.2674641935E+01,3.2691641935E+01,6668.294272,4900,93699,8.2706422989E+03,0,0,31,3,gh2,d65ed5a,ks_min_gh2_20260804_003049.csv
Grace,dc_multicore,dc,solo,faithful,1,fit,prod,faithful,26,0,18,25,64,64,0,nvfortran 26.3,cc90,2.4347710000E+00,2.4409100000E+00,496.892041,4900,93699,8.2706422989E+03,0,0,100,3,gh2,d65ed5a,ks_min_gh2_20260804_003049.csv
Grace,dc_multicore,dc,solo,faithful,1,fit,prod,faithful,26,0,36,25,64,64,0,nvfortran 26.3,cc90,1.2161300000E+00,1.2167380000E+00,248.189796,4900,93699,8.2706422989E+03,0,0,100,3,gh2,d65ed5a,ks_min_gh2_20260804_003049.csv
Grace,dc_multicore,dc,solo,faithful,1,fit,prod,faithful,26,0,72,25,64,64,0,nvfortran 26.3,cc90,6.2562900000E-01,6.3122000000E-01,127.679388,4900,93699,8.2706422989E+03,0,0,100,3,gh2,d65ed5a,ks_min_gh2_20260804_003049.csv
Grace,dc_multicore,dc,solo,faithful,1,fit,prod,faithful,26,0,8,25,64,64,0,nvfortran 26.3,cc90,5.3442700000E+00,5.3468300000E+00,1090.667347,4900,93699,8.2706422989E+03,0,0,100,3,gh2,d65ed5a,ks_min_gh2_20260804_003049.csv
Grace,dc_multicore,dc,solo,faithful,1,fit,prod,faithful,31,0,1,30,64,64,0,nvfortran 26.3,cc90,4.3751043478E+01,4.3810643478E+01,8928.784383,4900,96753,1.1269504893E+04,0,0,23,3,gh2,d65ed5a,ks_min_gh2_20260804_003049.csv
Grace,dc_multicore,dc,solo,faithful,1,fit,prod,faithful,31,0,18,30,64,64,0,nvfortran 26.3,cc90,3.1336410000E+00,3.1340290000E+00,639.518571,4900,96753,1.1269504893E+04,0,0,100,3,gh2,d65ed5a,ks_min_gh2_20260804_003049.csv
Grace,dc_multicore,dc,solo,faithful,1,fit,prod,faithful,31,0,36,30,64,64,0,nvfortran 26.3,cc90,1.5642900000E+00,1.5651290000E+00,319.242857,4900,96753,1.1269504893E+04,0,0,100,3,gh2,d65ed5a,ks_min_gh2_20260804_003049.csv
Grace,dc_multicore,dc,solo,faithful,1,fit,prod,faithful,31,0,72,30,64,64,0,nvfortran 26.3,cc90,7.9804100000E-01,7.9918800000E-01,162.865510,4900,96753,1.1269504893E+04,0,0,100,3,gh2,d65ed5a,ks_min_gh2_20260804_003049.csv
Grace,dc_multicore,dc,solo,faithful,1,fit,prod,faithful,31,0,8,30,64,64,0,nvfortran 26.3,cc90,6.9261190000E+00,6.9306490000E+00,1413.493673,4900,96753,1.1269504893E+04,0,0,100,3,gh2,d65ed5a,ks_min_gh2_20260804_003049.csv
Grace,dc_multicore,dc,solo,faithful,1,fit,prod,faithful,51,0,1,50,64,64,0,nvfortran 26.3,cc90,9.3463181818E+01,9.3647109091E+01,19074.118738,4900,99272,1.6897225677E+04,0,0,11,3,gh2,d65ed5a,ks_min_gh2_20260804_003049.csv
Grace,dc_multicore,dc,solo,faithful,1,fit,prod,faithful,51,0,18,50,64,64,0,nvfortran 26.3,cc90,6.0269020000E+00,6.0317800000E+00,1229.980000,4900,99272,1.6897225677E+04,0,0,100,3,gh2,d65ed5a,ks_min_gh2_20260804_003049.csv
Grace,dc_multicore,dc,solo,faithful,1,fit,prod,faithful,51,0,36,50,64,64,0,nvfortran 26.3,cc90,3.0319790000E+00,3.0334180000E+00,618.771224,4900,99272,1.6897225677E+04,0,0,100,3,gh2,d65ed5a,ks_min_gh2_20260804_003049.csv
Grace,dc_multicore,dc,solo,faithful,1,fit,prod,faithful,51,0,72,50,64,64,0,nvfortran 26.3,cc90,1.5442800000E+00,1.5463780000E+00,315.159184,4900,99272,1.6897225677E+04,0,0,100,3,gh2,d65ed5a,ks_min_gh2_20260804_003049.csv
Grace,dc_multicore,dc,solo,faithful,1,fit,prod,faithful,51,0,8,50,64,64,0,nvfortran 26.3,cc90,1.3301175676E+01,1.3340985333E+01,2714.525648,4900,99272,1.6897225677E+04,0,0,75,3,gh2,d65ed5a,ks_min_gh2_20260804_003049.csv
Grace,dc_multicore,dc,solo,faithful,1,fit,prod,faithful,76,0,1,75,64,64,0,nvfortran 26.3,cc90,1.5602997143E+02,1.5678457143E+02,31842.851312,4900,99341,1.7354910659E+04,0,0,7,3,gh2,d65ed5a,ks_min_gh2_20260804_003049.csv
Grace,dc_multicore,dc,solo,faithful,1,fit,prod,faithful,76,0,18,75,64,64,0,nvfortran 26.3,cc90,9.5740080000E+00,9.5931390000E+00,1953.879184,4900,99341,1.7354910659E+04,0,0,100,3,gh2,d65ed5a,ks_min_gh2_20260804_003049.csv
Grace,dc_multicore,dc,solo,faithful,1,fit,prod,faithful,76,0,36,75,64,64,0,nvfortran 26.3,cc90,4.8159790000E+00,4.8177720000E+00,982.852857,4900,99341,1.7354910659E+04,0,0,100,3,gh2,d65ed5a,ks_min_gh2_20260804_003049.csv
Grace,dc_multicore,dc,solo,faithful,1,fit,prod,faithful,76,0,72,75,64,64,0,nvfortran 26.3,cc90,2.4479320000E+00,2.4649600000E+00,499.577959,4900,99341,1.7354910659E+04,0,0,100,3,gh2,d65ed5a,ks_min_gh2_20260804_003049.csv
Grace,dc_multicore,dc,solo,faithful,1,fit,prod,faithful,76,0,8,75,64,64,0,nvfortran 26.3,cc90,2.1283195745E+01,2.1302361702E+01,4343.509336,4900,99341,1.7354910659E+04,0,0,47,3,gh2,d65ed5a,ks_min_gh2_20260804_003049.csv
Grace,dc_multicore,dc,solo,faithful,1,prod,prod,faithful,128,0,1,10,473,297,0,nvfortran 26.3,cc90,9.3426836364E+01,9.3496536364E+01,643.714810,145197,299883,1.7667795128E+04,0,0,11,3,gh1,d65ed5a,ks_min_gh2_20260804_002300.csv
Grace,dc_multicore,dc,solo,faithful,1,prod,prod,faithful,128,0,1,10,64,64,0,nvfortran 26.3,cc90,3.2547590000E+00,3.2904700000E+00,664.236531,4902,11606,6.8205675711E+02,0,0,100,3,gh2,d65ed5a,ks_min_gh2_20260804_003049.csv
Grace,dc_multicore,dc,solo,faithful,1,prod,prod,faithful,128,0,1,100,473,297,0,nvfortran 26.3,cc90,6.8153176333E+03,6.8216323333E+03,46957.823527,145137,2935887,5.1127272001E+05,0,0,3,3,gh1,d65ed5a,ks_min_gh2_20260804_002300.csv
Grace,dc_multicore,dc,solo,faithful,1,prod,prod,faithful,128,0,1,100,64,64,0,nvfortran 26.3,cc90,2.1875120000E+02,2.1896220000E+02,44643.102041,4900,99315,1.7375307995E+04,0,0,5,3,gh2,d65ed5a,ks_min_gh2_20260804_003049.csv
Grace,dc_multicore,dc,solo,faithful,1,prod,prod,faithful,128,0,1,25,473,297,0,nvfortran 26.3,cc90,9.9397166667E+02,9.9868566667E+02,6848.506354,145137,2778428,2.4191559953E+05,0,0,3,3,gh1,d65ed5a,ks_min_gh2_20260804_002300.csv
Grace,dc_multicore,dc,solo,faithful,1,prod,prod,faithful,128,0,1,25,64,64,0,nvfortran 26.3,cc90,3.2771164516E+01,3.2808225806E+01,6687.992758,4900,93699,8.2706422989E+03,0,0,31,3,gh2,d65ed5a,ks_min_gh2_20260804_003049.csv
Grace,dc_multicore,dc,solo,faithful,1,prod,prod,faithful,128,0,1,30,473,297,0,nvfortran 26.3,cc90,1.3359133667E+03,1.3389959333E+03,9204.498968,145137,2866522,3.2998816625E+05,0,0,3,3,gh1,d65ed5a,ks_min_gh2_20260804_002300.csv
Grace,dc_multicore,dc,solo,faithful,1,prod,prod,faithful,128,0,1,30,64,64,0,nvfortran 26.3,cc90,4.3784700000E+01,4.3844130435E+01,8935.653061,4900,96753,1.1269504893E+04,0,0,23,3,gh2,d65ed5a,ks_min_gh2_20260804_003049.csv
Grace,dc_multicore,dc,solo,faithful,1,prod,prod,faithful,128,0,1,50,473,297,0,nvfortran 26.3,cc90,2.9350803667E+03,2.9385720000E+03,20222.826479,145137,2935578,4.9695304208E+05,0,0,3,3,gh1,d65ed5a,ks_min_gh2_20260804_002300.csv
Grace,dc_multicore,dc,solo,faithful,1,prod,prod,faithful,128,0,1,50,64,64,0,nvfortran 26.3,cc90,9.3298363636E+01,9.3340545455E+01,19040.482375,4900,99272,1.6897225677E+04,0,0,11,3,gh2,d65ed5a,ks_min_gh2_20260804_003049.csv
Grace,dc_multicore,dc,solo,faithful,1,prod,prod,faithful,128,0,1,75,473,297,0,nvfortran 26.3,cc90,4.8949140000E+03,4.8964723000E+03,33726.162178,145137,2936000,5.1066355936E+05,0,0,3,3,gh1,d65ed5a,ks_min_gh2_20260804_002300.csv
Grace,dc_multicore,dc,solo,faithful,1,prod,prod,faithful,128,0,1,75,64,64,0,nvfortran 26.3,cc90,1.5686055714E+02,1.5690285714E+02,32012.358600,4900,99341,1.7354910659E+04,0,0,7,3,gh2,d65ed5a,ks_min_gh2_20260804_003049.csv
Grace,dc_multicore,dc,solo,faithful,1,prod,prod,faithful,128,0,18,10,64,64,0,nvfortran 26.3,cc90,6.9135000000E-01,6.9440800000E-01,141.091837,4902,11606,6.8205675711E+02,0,0,100,3,gh2,d65ed5a,ks_min_gh2_20260804_003049.csv
Grace,dc_multicore,dc,solo,faithful,1,prod,prod,faithful,128,0,18,100,64,64,0,nvfortran 26.3,cc90,1.3087220779E+01,1.3120578947E+01,2670.861383,4900,99315,1.7375307995E+04,0,0,77,3,gh2,d65ed5a,ks_min_gh2_20260804_003049.csv
Grace,dc_multicore,dc,solo,faithful,1,prod,prod,faithful,128,0,18,25,64,64,0,nvfortran 26.3,cc90,2.4370100000E+00,2.4383290000E+00,497.348980,4900,93699,8.2706422989E+03,0,0,100,3,gh2,d65ed5a,ks_min_gh2_20260804_003049.csv
Grace,dc_multicore,dc,solo,faithful,1,prod,prod,faithful,128,0,18,30,64,64,0,nvfortran 26.3,cc90,3.1298400000E+00,3.1319810000E+00,638.742857,4900,96753,1.1269504893E+04,0,0,100,3,gh2,d65ed5a,ks_min_gh2_20260804_003049.csv
Grace,dc_multicore,dc,solo,faithful,1,prod,prod,faithful,128,0,18,50,64,64,0,nvfortran 26.3,cc90,6.0155390000E+00,6.0169600000E+00,1227.661020,4900,99272,1.6897225677E+04,0,0,100,3,gh2,d65ed5a,ks_min_gh2_20260804_003049.csv
Grace,dc_multicore,dc,solo,faithful,1,prod,prod,faithful,128,0,18,75,64,64,0,nvfortran 26.3,cc90,9.5862510000E+00,9.5894910000E+00,1956.377755,4900,99341,1.7354910659E+04,0,0,100,3,gh2,d65ed5a,ks_min_gh2_20260804_003049.csv
Grace,dc_multicore,dc,solo,faithful,1,prod,prod,faithful,128,0,36,10,64,64,0,nvfortran 26.3,cc90,3.5125000000E-01,3.5133100000E-01,71.683673,4902,11606,6.8205675711E+02,0,0,100,3,gh2,d65ed5a,ks_min_gh2_20260804_003049.csv
Grace,dc_multicore,dc,solo,faithful,1,prod,prod,faithful,128,0,36,100,64,64,0,nvfortran 26.3,cc90,6.5772310000E+00,6.5872880000E+00,1342.292041,4900,99315,1.7375307995E+04,0,0,100,3,gh2,d65ed5a,ks_min_gh2_20260804_003049.csv
Grace,dc_multicore,dc,solo,faithful,1,prod,prod,faithful,128,0,36,25,64,64,0,nvfortran 26.3,cc90,1.2218880000E+00,1.2244290000E+00,249.364898,4900,93699,8.2706422989E+03,0,0,100,3,gh2,d65ed5a,ks_min_gh2_20260804_003049.csv
Grace,dc_multicore,dc,solo,faithful,1,prod,prod,faithful,128,0,36,30,64,64,0,nvfortran 26.3,cc90,1.5639900000E+00,1.5661600000E+00,319.181633,4900,96753,1.1269504893E+04,0,0,100,3,gh2,d65ed5a,ks_min_gh2_20260804_003049.csv
Grace,dc_multicore,dc,solo,faithful,1,prod,prod,faithful,128,0,36,50,64,64,0,nvfortran 26.3,cc90,3.0296800000E+00,3.0313300000E+00,618.302041,4900,99272,1.6897225677E+04,0,0,100,3,gh2,d65ed5a,ks_min_gh2_20260804_003049.csv
Grace,dc_multicore,dc,solo,faithful,1,prod,prod,faithful,128,0,36,75,64,64,0,nvfortran 26.3,cc90,4.8129890000E+00,4.8136310000E+00,982.242653,4900,99341,1.7354910659E+04,0,0,100,3,gh2,d65ed5a,ks_min_gh2_20260804_003049.csv
Grace,dc_multicore,dc,solo,faithful,1,prod,prod,faithful,128,0,72,10,473,297,0,nvfortran 26.3,cc90,6.4345810000E+00,6.4364910000E+00,44.334532,145197,299883,1.7667795128E+04,0,0,100,3,gh1,d65ed5a,ks_min_gh2_20260804_002300.csv
Grace,dc_multicore,dc,solo,faithful,1,prod,prod,faithful,128,0,72,10,64,64,0,nvfortran 26.3,cc90,1.9667000000E-01,1.9712200000E-01,40.136735,4902,11606,6.8205675711E+02,0,0,100,3,gh2,d65ed5a,ks_min_gh2_20260804_003049.csv
Grace,dc_multicore,dc,solo,faithful,1,prod,prod,faithful,128,0,72,100,473,297,0,nvfortran 26.3,cc90,1.1761035556E+02,1.1763487778E+02,810.340269,145137,2935887,5.1127272001E+05,0,0,9,3,gh1,d65ed5a,ks_min_gh2_20260804_002300.csv
Grace,dc_multicore,dc,solo,faithful,1,prod,prod,faithful,128,0,72,100,64,64,0,nvfortran 26.3,cc90,3.3530780000E+00,3.3719800000E+00,684.301633,4900,99315,1.7375307995E+04,0,0,100,3,gh2,d65ed5a,ks_min_gh2_20260804_003049.csv
Grace,dc_multicore,dc,solo,faithful,1,prod,prod,faithful,128,0,72,25,473,297,0,nvfortran 26.3,cc90,2.1444446809E+01,2.1448063830E+01,147.753135,145137,2778428,2.4191559953E+05,0,0,47,3,gh1,d65ed5a,ks_min_gh2_20260804_002300.csv
Grace,dc_multicore,dc,solo,faithful,1,prod,prod,faithful,128,0,72,25,64,64,0,nvfortran 26.3,cc90,6.2347800000E-01,6.2843800000E-01,127.240408,4900,93699,8.2706422989E+03,0,0,100,3,gh2,d65ed5a,ks_min_gh2_20260804_003049.csv
Grace,dc_multicore,dc,solo,faithful,1,prod,prod,faithful,128,0,72,30,473,297,0,nvfortran 26.3,cc90,2.7026483784E+01,2.7032263158E+01,186.213604,145137,2866522,3.2998816625E+05,0,0,38,3,gh1,d65ed5a,ks_min_gh2_20260804_002300.csv
Grace,dc_multicore,dc,solo,faithful,1,prod,prod,faithful,128,0,72,30,64,64,0,nvfortran 26.3,cc90,8.0260000000E-01,8.0623200000E-01,163.795918,4900,96753,1.1269504893E+04,0,0,100,3,gh2,d65ed5a,ks_min_gh2_20260804_003049.csv
Grace,dc_multicore,dc,solo,faithful,1,prod,prod,faithful,128,0,72,50,473,297,0,nvfortran 26.3,cc90,5.3552215789E+01,5.3584373684E+01,368.977006,145137,2935578,4.9695304208E+05,0,0,19,3,gh1,d65ed5a,ks_min_gh2_20260804_002300.csv
Grace,dc_multicore,dc,solo,faithful,1,prod,prod,faithful,128,0,72,50,64,64,0,nvfortran 26.3,cc90,1.5413000000E+00,1.5420220000E+00,314.551020,4900,99272,1.6897225677E+04,0,0,100,3,gh2,d65ed5a,ks_min_gh2_20260804_003049.csv
Grace,dc_multicore,dc,solo,faithful,1,prod,prod,faithful,128,0,72,75,473,297,0,nvfortran 26.3,cc90,8.5580483333E+01,8.5847575000E+01,589.653109,145137,2936000,5.1066355936E+05,0,0,12,3,gh1,d65ed5a,ks_min_gh2_20260804_002300.csv
Grace,dc_multicore,dc,solo,faithful,1,prod,prod,faithful,128,0,72,75,64,64,0,nvfortran 26.3,cc90,2.4606800000E+00,2.4607200000E+00,502.179592,4900,99341,1.7354910659E+04,0,0,100,3,gh2,d65ed5a,ks_min_gh2_20260804_003049.csv
Grace,dc_multicore,dc,solo,faithful,1,prod,prod,faithful,128,0,8,10,64,64,0,nvfortran 26.3,cc90,1.4137980000E+00,1.4146310000E+00,288.530204,4902,11606,6.8205675711E+02,0,0,100,3,gh2,d65ed5a,ks_min_gh2_20260804_003049.csv
Grace,dc_multicore,dc,solo,faithful,1,prod,prod,faithful,128,0,8,100,64,64,0,nvfortran 26.3,cc90,2.9155200000E+01,2.9167911429E+01,5950.040816,4900,99315,1.7375307995E+04,0,0,35,3,gh2,d65ed5a,ks_min_gh2_20260804_003049.csv
Grace,dc_multicore,dc,solo,faithful,1,prod,prod,faithful,128,0,8,25,64,64,0,nvfortran 26.3,cc90,5.3690290000E+00,5.3699710000E+00,1095.720204,4900,93699,8.2706422989E+03,0,0,100,3,gh2,d65ed5a,ks_min_gh2_20260804_003049.csv
Grace,dc_multicore,dc,solo,faithful,1,prod,prod,faithful,128,0,8,30,64,64,0,nvfortran 26.3,cc90,6.9230100000E+00,6.9230390000E+00,1412.859184,4900,96753,1.1269504893E+04,0,0,100,3,gh2,d65ed5a,ks_min_gh2_20260804_003049.csv
Grace,dc_multicore,dc,solo,faithful,1,prod,prod,faithful,128,0,8,50,64,64,0,nvfortran 26.3,cc90,1.3301632895E+01,1.3313532000E+01,2714.618958,4900,99272,1.6897225677E+04,0,0,76,3,gh2,d65ed5a,ks_min_gh2_20260804_003049.csv
Grace,dc_multicore,dc,solo,faithful,1,prod,prod,faithful,128,0,8,75,64,64,0,nvfortran 26.3,cc90,2.1316721277E+01,2.1327997826E+01,4350.351281,4900,99341,1.7354910659E+04,0,0,47,3,gh2,d65ed5a,ks_min_gh2_20260804_003049.csv
Grace,dc_serial,dc,solo,faithful,1,fit,prod,faithful,101,0,1,100,64,64,0,nvfortran 26.3,cc90,2.3354820000E+02,2.3408756000E+02,47662.897959,4900,99315,1.7375307995E+04,0,0,5,3,gh2,d65ed5a,ks_min_gh2_20260804_002949.csv
Grace,dc_serial,dc,solo,faithful,1,fit,prod,faithful,11,0,1,10,64,64,0,nvfortran 26.3,cc90,3.0561990000E+00,3.0654100000E+00,623.714082,4902,11606,6.8205675711E+02,0,0,100,3,gh2,d65ed5a,ks_min_gh2_20260804_002949.csv
Grace,dc_serial,dc,solo,faithful,1,fit,prod,faithful,26,0,1,25,64,64,0,nvfortran 26.3,cc90,3.2787970968E+01,3.2791609677E+01,6691.422647,4900,93699,8.2706422989E+03,0,0,31,3,gh2,d65ed5a,ks_min_gh2_20260804_002949.csv
Grace,dc_serial,dc,solo,faithful,1,fit,prod,faithful,31,0,1,30,64,64,0,nvfortran 26.3,cc90,4.4664995652E+01,4.4775569565E+01,9115.305235,4900,96753,1.1269504893E+04,0,0,23,3,gh2,d65ed5a,ks_min_gh2_20260804_002949.csv
Grace,dc_serial,dc,solo,faithful,1,fit,prod,faithful,51,0,1,50,64,64,0,nvfortran 26.3,cc90,9.7704736364E+01,9.7788981818E+01,19939.742115,4900,99272,1.6897225677E+04,0,0,11,3,gh2,d65ed5a,ks_min_gh2_20260804_002949.csv
Grace,dc_serial,dc,solo,faithful,1,fit,prod,faithful,76,0,1,75,64,64,0,nvfortran 26.3,cc90,1.6641801429E+02,1.6693453333E+02,33962.860059,4900,99341,1.7354910659E+04,0,0,7,3,gh2,d65ed5a,ks_min_gh2_20260804_002949.csv
Grace,dc_serial,dc,solo,faithful,1,prod,prod,faithful,128,0,1,10,64,64,0,nvfortran 26.3,cc90,3.1567690000E+00,3.1574390000E+00,644.238571,4902,11606,6.8205675711E+02,0,0,100,3,gh2,d65ed5a,ks_min_gh2_20260804_002949.csv
Grace,dc_serial,dc,solo,faithful,1,prod,prod,faithful,128,0,1,100,64,64,0,nvfortran 26.3,cc90,2.3275002000E+02,2.3314500000E+02,47500.004082,4900,99315,1.7375307995E+04,0,0,5,3,gh2,d65ed5a,ks_min_gh2_20260804_002949.csv
Grace,dc_serial,dc,solo,faithful,1,prod,prod,faithful,128,0,1,25,64,64,0,nvfortran 26.3,cc90,3.2969712903E+01,3.2997838710E+01,6728.512837,4900,93699,8.2706422989E+03,0,0,31,3,gh2,d65ed5a,ks_min_gh2_20260804_002949.csv
Grace,dc_serial,dc,solo,faithful,1,prod,prod,faithful,128,0,1,30,64,64,0,nvfortran 26.3,cc90,4.4854391304E+01,4.4855221739E+01,9153.957409,4900,96753,1.1269504893E+04,0,0,23,3,gh2,d65ed5a,ks_min_gh2_20260804_002949.csv
Grace,dc_serial,dc,solo,faithful,1,prod,prod,faithful,128,0,1,50,64,64,0,nvfortran 26.3,cc90,9.7701354545E+01,9.8088263636E+01,19939.051948,4900,99272,1.6897225677E+04,0,0,11,3,gh2,d65ed5a,ks_min_gh2_20260804_002949.csv
Grace,dc_serial,dc,solo,faithful,1,prod,prod,faithful,128,0,1,75,64,64,0,nvfortran 26.3,cc90,1.6531287143E+02,1.6568514286E+02,33737.320700,4900,99341,1.7354910659E+04,0,0,7,3,gh2,d65ed5a,ks_min_gh2_20260804_002949.csv
Grace,serial_do,dc,solo,faithful,1,fit,prod,faithful,101,0,1,100,64,64,0,nvfortran 26.3,cc90,2.3360238000E+02,2.3371740000E+02,47673.955102,4900,99315,1.7375307995E+04,0,0,5,3,gh2,d65ed5a,ks_min_gh2_20260804_002849.csv
Grace,serial_do,dc,solo,faithful,1,fit,prod,faithful,11,0,1,10,64,64,0,nvfortran 26.3,cc90,3.0576710000E+00,3.0585090000E+00,624.014490,4902,11606,6.8205675711E+02,0,0,100,3,gh2,d65ed5a,ks_min_gh2_20260804_002849.csv
Grace,serial_do,dc,solo,faithful,1,fit,prod,faithful,26,0,1,25,64,64,0,nvfortran 26.3,cc90,3.2819196774E+01,3.2856519355E+01,6697.795260,4900,93699,8.2706422989E+03,0,0,31,3,gh2,d65ed5a,ks_min_gh2_20260804_002849.csv
Grace,serial_do,dc,solo,faithful,1,fit,prod,faithful,31,0,1,30,64,64,0,nvfortran 26.3,cc90,4.4740521739E+01,4.4765513043E+01,9130.718722,4900,96753,1.1269504893E+04,0,0,23,3,gh2,d65ed5a,ks_min_gh2_20260804_002849.csv
Grace,serial_do,dc,solo,faithful,1,fit,prod,faithful,51,0,1,50,64,64,0,nvfortran 26.3,cc90,9.7796009091E+01,9.8018990909E+01,19958.369202,4900,99272,1.6897225677E+04,0,0,11,3,gh2,d65ed5a,ks_min_gh2_20260804_002849.csv
Grace,serial_do,dc,solo,faithful,1,fit,prod,faithful,76,0,1,75,64,64,0,nvfortran 26.3,cc90,1.6674248333E+02,1.6682665000E+02,34029.078231,4900,99341,1.7354910659E+04,0,0,6,3,gh2,d65ed5a,ks_min_gh2_20260804_002849.csv
Grace,serial_do,dc,solo,faithful,1,prod,prod,faithful,128,0,1,10,64,64,0,nvfortran 26.3,cc90,3.1494190000E+00,3.1499600000E+00,642.738571,4902,11606,6.8205675711E+02,0,0,100,3,gh2,d65ed5a,ks_min_gh2_20260804_002849.csv
Grace,serial_do,dc,solo,faithful,1,prod,prod,faithful,128,0,1,100,64,64,0,nvfortran 26.3,cc90,2.3250882000E+02,2.3350860000E+02,47450.779592,4900,99315,1.7375307995E+04,0,0,5,3,gh2,d65ed5a,ks_min_gh2_20260804_002849.csv
Grace,serial_do,dc,solo,faithful,1,prod,prod,faithful,128,0,1,25,64,64,0,nvfortran 26.3,cc90,3.2993425806E+01,3.3043383871E+01,6733.352205,4900,93699,8.2706422989E+03,0,0,31,3,gh2,d65ed5a,ks_min_gh2_20260804_002849.csv
Grace,serial_do,dc,solo,faithful,1,prod,prod,faithful,128,0,1,30,64,64,0,nvfortran 26.3,cc90,4.4747434783E+01,4.4905952174E+01,9132.129548,4900,96753,1.1269504893E+04,0,0,23,3,gh2,d65ed5a,ks_min_gh2_20260804_002849.csv
Grace,serial_do,dc,solo,faithful,1,prod,prod,faithful,128,0,1,50,64,64,0,nvfortran 26.3,cc90,9.8009000000E+01,9.8183654545E+01,20001.836735,4900,99272,1.6897225677E+04,0,0,11,3,gh2,d65ed5a,ks_min_gh2_20260804_002849.csv
Grace,serial_do,dc,solo,faithful,1,prod,prod,faithful,128,0,1,75,64,64,0,nvfortran 26.3,cc90,1.6552972857E+02,1.6605585714E+02,33781.577259,4900,99341,1.7354910659E+04,0,0,7,3,gh2,d65ed5a,ks_min_gh2_20260804_002849.csv
Intel GPU,dc_gpu,dc,solo,faithful,1,fit,prod,faithful,101,0,1,100,473,297,0,ifx 2025.3.2,spir64,2.1992177963E+02,2.2064857483E+02,1515.270259,145137,2935887,5.1127272001E+05,0,0,5,3,x4310c1s0b0n0,5510df7,ks_min_aurora_20260803_203811.csv
Intel GPU,dc_gpu,dc,solo,faithful,1,fit,prod,faithful,11,0,1,10,473,297,0,ifx 2025.3.2,spir64,1.2773526021E+01,1.2792770679E+01,88.010129,145197,299883,1.7667795128E+04,0,0,79,3,x4310c1s0b0n0,5510df7,ks_min_aurora_20260803_203811.csv
Intel GPU,dc_gpu,dc,solo,faithful,1,fit,prod,faithful,26,0,1,25,473,297,0,ifx 2025.3.2,spir64,3.8684447606E+01,3.8704854471E+01,266.537462,145137,2778428,2.4191559953E+05,0,0,27,3,x4310c1s0b0n0,5510df7,ks_min_aurora_20260803_203811.csv
Intel GPU,dc_gpu,dc,solo,faithful,1,fit,prod,faithful,31,0,1,30,473,297,0,ifx 2025.3.2,spir64,4.6985637058E+01,4.7050779516E+01,323.733004,145137,2866522,3.2998816625E+05,0,0,22,3,x4310c1s0b0n0,5510df7,ks_min_aurora_20260803_203811.csv
Intel GPU,dc_gpu,dc,solo,faithful,1,fit,prod,faithful,51,0,1,50,473,297,0,ifx 2025.3.2,spir64,9.3605419000E+01,9.4300250212E+01,644.945252,145137,2935578,4.9695304208E+05,0,0,12,3,x4310c1s0b0n0,5510df7,ks_min_aurora_20260803_203811.csv
Intel GPU,dc_gpu,dc,solo,faithful,1,fit,prod,faithful,76,0,1,75,473,297,0,ifx 2025.3.2,spir64,1.5711274743E+02,1.5785914660E+02,1082.513401,145137,2936000,5.1066355936E+05,0,0,8,3,x4310c1s0b0n0,5510df7,ks_min_aurora_20260803_203811.csv
Intel GPU,dc_gpu,dc,solo,faithful,1,prod,prod,faithful,128,0,1,10,473,297,0,ifx 2025.3.2,spir64,1.4888279578E+01,1.4902926873E+01,102.580869,145197,299883,1.7667795128E+04,0,0,68,3,x4310c1s0b0n0,5510df7,ks_min_aurora_20260803_203811.csv
Intel GPU,dc_gpu,dc,solo,faithful,1,prod,prod,faithful,128,0,1,100,473,297,0,ifx 2025.3.2,spir64,2.2565498352E+02,2.2586879730E+02,1554.772274,145137,2935887,5.1127272001E+05,0,0,5,3,x4310c1s0b0n0,5510df7,ks_min_aurora_20260803_203811.csv
Intel GPU,dc_gpu,dc,solo,faithful,1,prod,prod,faithful,128,0,1,25,473,297,0,ifx 2025.3.2,spir64,4.0791658255E+01,4.1265954971E+01,281.056231,145137,2778428,2.4191559953E+05,0,0,25,3,x4310c1s0b0n0,5510df7,ks_min_aurora_20260803_203811.csv
Intel GPU,dc_gpu,dc,solo,faithful,1,prod,prod,faithful,128,0,1,30,473,297,0,ifx 2025.3.2,spir64,5.1455429622E+01,5.1502568381E+01,354.530062,145137,2866522,3.2998816625E+05,0,0,21,3,x4310c1s0b0n0,5510df7,ks_min_aurora_20260803_203811.csv
Intel GPU,dc_gpu,dc,solo,faithful,1,prod,prod,faithful,128,0,1,50,473,297,0,ifx 2025.3.2,spir64,9.7180406253E+01,9.7318589687E+01,669.577063,145137,2935578,4.9695304208E+05,0,0,12,3,x4310c1s0b0n0,5510df7,ks_min_aurora_20260803_203811.csv
Intel GPU,dc_gpu,dc,solo,faithful,1,prod,prod,faithful,128,0,1,75,473,297,0,ifx 2025.3.2,spir64,1.6007810831E+02,1.6029474139E+02,1102.944861,145137,2936000,5.1066355936E+05,0,0,8,3,x4310c1s0b0n0,5510df7,ks_min_aurora_20260803_203811.csv
MI250X,dc_gpu,dc,solo,faithful,1,fit,prod,faithful,101,0,1,100,473,297,0,amdflang 23.0.0,cc90,1.6598370501E+02,1.6606998878E+02,1143.634669,145137,2935887,5.1127272001E+05,0,0,6,3,frontier02467,59ecfb2,ks_min_frontier_20260803_203811.csv
MI250X,dc_gpu,dc,solo,faithful,1,fit,prod,faithful,11,0,1,10,473,297,0,amdflang 23.0.0,cc90,7.0705070812E+00,7.0725046564E+00,48.716089,145197,299883,1.7667795128E+04,0,0,100,3,frontier02467,59ecfb2,ks_min_frontier_20260803_203811.csv
MI250X,dc_gpu,dc,solo,faithful,1,fit,prod,faithful,26,0,1,25,473,297,0,amdflang 23.0.0,cc90,2.4595043599E+01,2.4632868766E+01,169.460879,145137,2778428,2.4191559953E+05,0,0,41,3,frontier02467,59ecfb2,ks_min_frontier_20260803_203811.csv
MI250X,dc_gpu,dc,solo,faithful,1,fit,prod,faithful,31,0,1,30,473,297,0,amdflang 23.0.0,cc90,3.2687223306E+01,3.2731414322E+01,225.216336,145137,2866522,3.2998816625E+05,0,0,31,3,frontier02467,59ecfb2,ks_min_frontier_20260803_203811.csv
MI250X,dc_gpu,dc,solo,faithful,1,fit,prod,faithful,51,0,1,50,473,297,0,amdflang 23.0.0,cc90,6.6628847737E+01,6.6664378915E+01,459.075547,145137,2935578,4.9695304208E+05,0,0,16,3,frontier02467,59ecfb2,ks_min_frontier_20260803_203811.csv
MI250X,dc_gpu,dc,solo,faithful,1,fit,prod,faithful,76,0,1,75,473,297,0,amdflang 23.0.0,cc90,1.2319461577E+02,1.2327988756E+02,848.816055,145137,2936000,5.1066355936E+05,0,0,9,3,frontier02467,59ecfb2,ks_min_frontier_20260803_203811.csv
MI250X,dc_gpu,dc,solo,faithful,1,prod,prod,faithful,128,0,1,10,473,297,0,amdflang 23.0.0,cc90,1.0496154373E+02,1.2378024922E+02,723.189426,145197,299883,1.7667795128E+04,0,0,42,3,frontier02467,59ecfb2,ks_min_frontier_20260803_203811.csv
MI250X,dc_gpu,dc,solo,faithful,1,prod,prod,faithful,128,0,1,100,473,297,0,amdflang 23.0.0,cc90,1.6976797519E+02,1.7029330367E+02,1169.708449,145137,2935887,5.1127272001E+05,0,0,6,3,frontier02467,59ecfb2,ks_min_frontier_20260803_203811.csv
MI250X,dc_gpu,dc,solo,faithful,1,prod,prod,faithful,128,0,1,25,473,297,0,amdflang 23.0.0,cc90,7.1830591730E+01,1.1953114767E+02,494.915781,145137,2778428,2.4191559953E+05,0,0,37,3,frontier02467,59ecfb2,ks_min_frontier_20260803_203811.csv
MI250X,dc_gpu,dc,solo,faithful,1,prod,prod,faithful,128,0,1,30,473,297,0,amdflang 23.0.0,cc90,9.8842165047E+01,1.1636090162E+02,681.026651,145137,2866522,3.2998816625E+05,0,0,28,3,frontier02467,59ecfb2,ks_min_frontier_20260803_203811.csv
MI250X,dc_gpu,dc,solo,faithful,1,prod,prod,faithful,128,0,1,50,473,297,0,amdflang 23.0.0,cc90,7.3209509520E+01,7.3726276801E+01,504.416582,145137,2935578,4.9695304208E+05,0,0,14,3,frontier02467,59ecfb2,ks_min_frontier_20260803_203811.csv
MI250X,dc_gpu,dc,solo,faithful,1,prod,prod,faithful,128,0,1,75,473,297,0,amdflang 23.0.0,cc90,1.1696102398E+02,1.2208394344E+02,805.866347,145137,2936000,5.1066355936E+05,0,0,9,3,frontier02467,59ecfb2,ks_min_frontier_20260803_203811.csv
Mac,dc_serial,dc,solo,faithful,1,fit,prod,faithful,101,0,1,100,64,64,0,gfortran 15.2.0,cc90,1.5173840523E+02,1.5184228761E+02,30967.021476,4900,99315,1.7375307995E+04,0,0,7,3,Jorges-MacBook-Air.local,d65ed5a,ks_min_macbook_20260804_150947.csv
Mac,dc_serial,dc,solo,faithful,1,fit,prod,faithful,11,0,1,10,64,64,0,gfortran 15.2.0,cc90,2.1368694305E+00,2.1574211121E+00,436.095802,4902,11606,6.8205675711E+02,0,0,100,3,Jorges-MacBook-Air.local,d65ed5a,ks_min_macbook_20260804_150947.csv
Mac,dc_serial,dc,solo,faithful,1,fit,prod,faithful,26,0,1,25,64,64,0,gfortran 15.2.0,cc90,2.1891085998E+01,2.2002130085E+01,4467.568571,4900,93699,8.2706422989E+03,0,0,45,3,Jorges-MacBook-Air.local,d65ed5a,ks_min_macbook_20260804_150947.csv
Mac,dc_serial,dc,solo,faithful,1,fit,prod,faithful,31,0,1,30,64,64,0,gfortran 15.2.0,cc90,2.9593855994E+01,2.9770206003E+01,6039.562448,4900,96753,1.1269504893E+04,0,0,34,3,Jorges-MacBook-Air.local,d65ed5a,ks_min_macbook_20260804_150947.csv
Mac,dc_serial,dc,solo,faithful,1,fit,prod,faithful,51,0,1,50,64,64,0,gfortran 15.2.0,cc90,6.2172595192E+01,6.2221884727E+01,12688.284733,4900,99272,1.6897225677E+04,0,0,16,3,Jorges-MacBook-Air.local,d65ed5a,ks_min_macbook_20260804_150947.csv
Mac,dc_serial,dc,solo,faithful,1,fit,prod,faithful,76,0,1,75,64,64,0,gfortran 15.2.0,cc90,1.0775861740E+02,1.0785791874E+02,21991.554571,4900,99341,1.7354910659E+04,0,0,10,3,Jorges-MacBook-Air.local,d65ed5a,ks_min_macbook_20260804_150947.csv
Mac,dc_serial,dc,solo,faithful,1,prod,prod,faithful,128,0,1,10,64,64,0,gfortran 15.2.0,cc90,2.1079587936E+00,2.1581888199E+00,430.195672,4902,11606,6.8205675711E+02,0,0,100,3,Jorges-MacBook-Air.local,d65ed5a,ks_min_macbook_20260804_150947.csv
Mac,dc_serial,dc,solo,faithful,1,prod,prod,faithful,128,0,1,100,64,64,0,gfortran 15.2.0,cc90,1.5004100118E+02,1.5023926326E+02,30620.612486,4900,99315,1.7375307995E+04,0,0,7,3,Jorges-MacBook-Air.local,d65ed5a,ks_min_macbook_20260804_150947.csv
Mac,dc_serial,dc,solo,faithful,1,prod,prod,faithful,128,0,1,25,64,64,0,gfortran 15.2.0,cc90,2.1490020955E+01,2.1598957955E+01,4385.718562,4900,93699,8.2706422989E+03,0,0,47,3,Jorges-MacBook-Air.local,d65ed5a,ks_min_macbook_20260804_150947.csv
Mac,dc_serial,dc,solo,faithful,1,prod,prod,faithful,128,0,1,30,64,64,0,gfortran 15.2.0,cc90,2.9279533555E+01,2.9284824644E+01,5975.415011,4900,96753,1.1269504893E+04,0,0,35,3,Jorges-MacBook-Air.local,d65ed5a,ks_min_macbook_20260804_150947.csv
Mac,dc_serial,dc,solo,faithful,1,prod,prod,faithful,128,0,1,50,64,64,0,gfortran 15.2.0,cc90,6.1387188294E+01,6.1907880446E+01,12527.997611,4900,99272,1.6897225677E+04,0,0,17,3,Jorges-MacBook-Air.local,d65ed5a,ks_min_macbook_20260804_150947.csv
Mac,dc_serial,dc,solo,faithful,1,prod,prod,faithful,128,0,1,75,64,64,0,gfortran 15.2.0,cc90,1.0637779236E+02,1.0683889389E+02,21709.753543,4900,99341,1.7354910659E+04,0,0,10,3,Jorges-MacBook-Air.local,d65ed5a,ks_min_macbook_20260804_150947.csv
Mac,serial_do,dc,solo,faithful,1,fit,prod,faithful,101,0,1,100,64,64,0,gfortran 15.2.0,cc90,1.5184300286E+02,1.5199644225E+02,30988.367931,4900,99315,1.7375307995E+04,0,0,7,3,Jorges-MacBook-Air.local,d65ed5a,ks_min_macbook_20260804_150847.csv
Mac,serial_do,dc,solo,faithful,1,fit,prod,faithful,11,0,1,10,64,64,0,gfortran 15.2.0,cc90,2.1125078201E+00,2.1153211594E+00,431.124045,4902,11606,6.8205675711E+02,0,0,100,3,Jorges-MacBook-Air.local,d65ed5a,ks_min_macbook_20260804_150847.csv
Mac,serial_do,dc,solo,faithful,1,fit,prod,faithful,26,0,1,25,64,64,0,gfortran 15.2.0,cc90,2.2114256154E+01,2.2291826165E+01,4513.113501,4900,93699,8.2706422989E+03,0,0,46,3,Jorges-MacBook-Air.local,d65ed5a,ks_min_macbook_20260804_150847.csv
Mac,serial_do,dc,solo,faithful,1,fit,prod,faithful,31,0,1,30,64,64,0,gfortran 15.2.0,cc90,2.9684489114E+01,2.9844361193E+01,6058.059003,4900,96753,1.1269504893E+04,0,0,34,3,Jorges-MacBook-Air.local,d65ed5a,ks_min_macbook_20260804_150847.csv
Mac,serial_do,dc,solo,faithful,1,fit,prod,faithful,51,0,1,50,64,64,0,gfortran 15.2.0,cc90,6.2480463701E+01,6.2544748187E+01,12751.115041,4900,99272,1.6897225677E+04,0,0,17,3,Jorges-MacBook-Air.local,d65ed5a,ks_min_macbook_20260804_150847.csv
Mac,serial_do,dc,solo,faithful,1,fit,prod,faithful,76,0,1,75,64,64,0,gfortran 15.2.0,cc90,1.0770151615E+02,1.0805108547E+02,21979.901255,4900,99341,1.7354910659E+04,0,0,10,3,Jorges-MacBook-Air.local,d65ed5a,ks_min_macbook_20260804_150847.csv
Mac,serial_do,dc,solo,faithful,1,prod,prod,faithful,128,0,1,10,64,64,0,gfortran 15.2.0,cc90,2.1317315102E+00,2.1473574638E+00,435.047247,4902,11606,6.8205675711E+02,0,0,100,3,Jorges-MacBook-Air.local,d65ed5a,ks_min_macbook_20260804_150847.csv
Mac,serial_do,dc,solo,faithful,1,prod,prod,faithful,128,0,1,100,64,64,0,gfortran 15.2.0,cc90,1.5006869180E+02,1.5023085049E+02,30626.263633,4900,99315,1.7375307995E+04,0,0,7,3,Jorges-MacBook-Air.local,d65ed5a,ks_min_macbook_20260804_150847.csv
Mac,serial_do,dc,solo,faithful,1,prod,prod,faithful,128,0,1,25,64,64,0,gfortran 15.2.0,cc90,2.1590258213E+01,2.1878159564E+01,4406.175146,4900,93699,8.2706422989E+03,0,0,46,3,Jorges-MacBook-Air.local,d65ed5a,ks_min_macbook_20260804_150847.csv
Mac,serial_do,dc,solo,faithful,1,prod,prod,faithful,128,0,1,30,64,64,0,gfortran 15.2.0,cc90,2.9287822106E+01,2.9408181415E+01,5977.106552,4900,96753,1.1269504893E+04,0,0,34,3,Jorges-MacBook-Air.local,d65ed5a,ks_min_macbook_20260804_150847.csv
Mac,serial_do,dc,solo,faithful,1,prod,prod,faithful,128,0,1,50,64,64,0,gfortran 15.2.0,cc90,6.1684057117E+01,6.1929002404E+01,12588.583085,4900,99272,1.6897225677E+04,0,0,16,3,Jorges-MacBook-Air.local,d65ed5a,ks_min_macbook_20260804_150847.csv
Mac,serial_do,dc,solo,faithful,1,prod,prod,faithful,128,0,1,75,64,64,0,gfortran 15.2.0,cc90,1.0616488457E+02,1.0656099319E+02,21666.302973,4900,99341,1.7354910659E+04,0,0,10,3,Jorges-MacBook-Air.local,d65ed5a,ks_min_macbook_20260804_150847.csv
V100,cuda_faithful,,,cuda_faithful,1,fit,prod,faithful,11,0,1,10,64,64,0,nvcc 12.9,,8.6463380859E-01,8.6463380859E-01,176.455879,4902,11606,6.8205675711E+02,96,6560,303,1,Big-Chungus,ad2cde0,ks_sweep_Big-Chungus_20260803_053235.csv
V100,cuda_faithful,,,cuda_faithful,1,fit,prod,faithful,31,0,1,30,64,64,0,nvcc 12.9,,3.0770701417E+00,3.0770701417E+00,627.973498,4900,96753,1.1269504893E+04,96,16800,98,1,Big-Chungus,ad2cde0,ks_sweep_Big-Chungus_20260803_054401.csv
V100,cuda_faithful,,,cuda_faithful,1,prod,prod,faithful,128,0,1,10,64,64,0,nvcc 12.9,,9.8356239254E-01,9.8356239254E-01,200.727019,4902,11606,6.8205675711E+02,80,66528,251,1,Big-Chungus,ad2cde0,ks_sweep_Big-Chungus_20260803_053235.csv
V100,cuda_faithful,,,cuda_faithful,1,prod,prod,faithful,128,0,1,30,64,64,0,nvcc 12.9,,3.0764091120E+00,3.0764091120E+00,627.838594,4900,96753,1.1269504893E+04,80,66528,98,1,Big-Chungus,ad2cde0,ks_sweep_Big-Chungus_20260803_053235.csv
V100,cuda_faithful,cuda_faithful,cmp,cuda,1,fit,prod,faithful,101,0,1,100,473,297,0,nvfortran 12.9,,1.6672072857E+02,1.6672783333E+02,1148.712793,145137,2935887,5.1127272001E+05,96,52640,6,3,Big-Chungus,ad2cde0,ks_sweep_Big-Chungus_20260803_065354.csv
V100,cuda_faithful,cuda_faithful,cmp,cuda,1,fit,prod,faithful,11,0,1,10,473,297,0,nvfortran 12.9,,3.7556410000E+00,3.7570400000E+00,25.876524,145197,299883,1.7667795128E+04,96,6560,100,3,Big-Chungus,ad2cde0,ks_sweep_Big-Chungus_20260803_065354.csv
V100,cuda_faithful,cuda_faithful,cmp,cuda,1,fit,prod,faithful,16,0,1,15,96,96,0,nvfortran 12.9,,1.5684100000E+00,1.60416,150.750673,10407,110558,5.8487484802E+03,80,9168,100,2,Big-Chungus,ad2cde0,ks_sweep_Big-Chungus_20260803_064309.csv
V100,cuda_faithful,cuda_faithful,cmp,cuda,1,fit,prod,faithful,26,0,1,25,473,297,0,nvfortran 12.9,,2.6231048718E+01,2.6239615385E+01,180.733023,145137,2778428,2.4191559953E+05,80,14288,39,3,Big-Chungus,ad2cde0,ks_sweep_Big-Chungus_20260803_065354.csv
V100,cuda_faithful,cuda_faithful,cmp,cuda,1,fit,prod,faithful,31,0,1,30,473,297,0,nvfortran 12.9,,3.4428230000E+01,3.4434996667E+01,237.211945,145137,2866522,3.2998816625E+05,96,16800,30,3,Big-Chungus,ad2cde0,ks_sweep_Big-Chungus_20260803_065354.csv
V100,cuda_faithful,cuda_faithful,cmp,cuda,1,fit,prod,faithful,31,0,1,30,96,96,0,nvfortran 12.9,,4.0970958904E+00,4.10046,393.800066,10404,205409,2.3799892298E+04,96,16800,73,2,Big-Chungus,ad2cde0,ks_sweep_Big-Chungus_20260803_064309.csv
V100,cuda_faithful,cuda_faithful,cmp,cuda,1,fit,prod,faithful,51,0,1,50,473,297,0,nvfortran 12.9,,7.2091064286E+01,7.2095785714E+01,496.710448,145137,2935578,4.9695304208E+05,96,27040,14,3,Big-Chungus,ad2cde0,ks_sweep_Big-Chungus_20260803_065354.csv
V100,cuda_faithful,cuda_faithful,cmp,cuda,1,fit,prod,faithful,76,0,1,75,473,297,0,nvfortran 12.9,,1.2034932222E+02,1.2050133333E+02,829.211863,145137,2936000,5.1066355936E+05,80,39904,9,3,Big-Chungus,ad2cde0,ks_sweep_Big-Chungus_20260803_065354.csv
V100,cuda_faithful,cuda_faithful,cmp,cuda,1,prod,prod,faithful,128,0,1,10,473,297,0,nvfortran 12.9,,4.3431490000E+00,4.3892100000E+00,29.924478,145197,299883,1.7667795128E+04,80,66528,100,3,Big-Chungus,ad2cde0,ks_sweep_Big-Chungus_20260803_065354.csv
V100,cuda_faithful,cuda_faithful,cmp,cuda,1,prod,prod,faithful,128,0,1,100,473,297,0,nvfortran 12.9,,1.6853013333E+02,1.6860768333E+02,1161.179667,145137,2935887,5.1127272001E+05,80,66528,6,3,Big-Chungus,ad2cde0,ks_sweep_Big-Chungus_20260803_065354.csv
V100,cuda_faithful,cuda_faithful,cmp,cuda,1,prod,prod,faithful,128,0,1,15,96,96,0,nvfortran 12.9,,1.7040510000E+00,1.72274,163.788062,10407,110558,5.8487484802E+03,80,66528,100,2,Big-Chungus,ad2cde0,ks_sweep_Big-Chungus_20260803_064309.csv
V100,cuda_faithful,cuda_faithful,cmp,cuda,1,prod,prod,faithful,128,0,1,25,473,297,0,nvfortran 12.9,cc70,2.7364264865E+01,2.7382297297E+01,188.540929,145137,2778428,2.4191559953E+05,80,66528,37,3,Big-Chungus,ad2cde0,ks_sweep_Big-Chungus_20260803_072249.csv
V100,cuda_faithful,cuda_faithful,cmp,cuda,1,prod,prod,faithful,128,0,1,30,473,297,0,nvfortran 12.9,cc70,3.5824246429E+01,3.5832500000E+01,246.830556,145137,2866522,3.2998816625E+05,80,66528,28,3,Big-Chungus,ad2cde0,ks_sweep_Big-Chungus_20260803_072249.csv
V100,cuda_faithful,cuda_faithful,cmp,cuda,1,prod,prod,faithful,128,0,1,30,64,64,0,nvfortran 12.9,cc70,3.1081873016E+00,3.1081873016E+00,634.323939,4900,96753,1.1269504893E+04,80,66528,63,1,Big-Chungus,ad2cde0,ks_sweep_Big-Chungus_20260803_073758.csv
V100,cuda_faithful,cuda_faithful,cmp,cuda,1,prod,prod,faithful,128,0,1,30,96,96,0,nvfortran 12.9,,4.1050260274E+00,4.10601,394.562286,10404,205409,2.3799892298E+04,80,66528,73,2,Big-Chungus,ad2cde0,ks_sweep_Big-Chungus_20260803_064309.csv
V100,cuda_faithful,cuda_faithful,cmp,cuda,1,prod,prod,faithful,128,0,1,50,473,297,0,nvfortran 12.9,cc70,7.3448435714E+01,7.3485714286E+01,506.062794,145137,2935578,4.9695304208E+05,80,66528,14,3,Big-Chungus,ad2cde0,ks_sweep_Big-Chungus_20260803_072249.csv
V100,cuda_faithful,cuda_faithful,cmp,cuda,1,prod,prod,faithful,128,0,1,75,473,297,0,nvfortran 12.9,cc70,1.2091998889E+02,1.2097701111E+02,833.143781,145137,2936000,5.1066355936E+05,80,66528,9,3,Big-Chungus,ad2cde0,ks_sweep_Big-Chungus_20260803_072249.csv
V100,cuda_opt,,,cuda_opt,1,fit,prod,faithful,11,0,1,10,64,64,0,nvcc 12.9,,8.6543085835E-01,8.6543085835E-01,176.618543,4902,11606,6.8205675711E+02,96,6560,303,1,Big-Chungus,ad2cde0,ks_sweep_Big-Chungus_20260803_053235.csv
V100,cuda_opt,,,cuda_opt,1,fit,prod,faithful,31,0,1,30,64,64,0,nvcc 12.9,,3.0851207387E+00,3.0851207387E+00,629.616477,4900,96753,1.1269504893E+04,96,16800,98,1,Big-Chungus,ad2cde0,ks_sweep_Big-Chungus_20260803_054401.csv
V100,cuda_opt,,,cuda_opt,1,prod,prod,faithful,128,0,1,10,64,64,0,nvcc 12.9,,8.9236359215E-01,8.9236359215E-01,182.115019,4902,11606,6.8205675711E+02,80,66496,296,1,Big-Chungus,ad2cde0,ks_sweep_Big-Chungus_20260803_053235.csv
V100,cuda_opt,,,cuda_opt,1,prod,prod,faithful,128,0,1,30,64,64,0,nvcc 12.9,,3.0607459502E+00,3.0607459502E+00,624.642031,4900,96753,1.1269504893E+04,80,66496,98,1,Big-Chungus,ad2cde0,ks_sweep_Big-Chungus_20260803_053235.csv
V100,cuda_opt,cuda_opt,cmp,cuda,1,fit,opt,faithful,101,0,1,100,473,297,0,nvfortran 12.9,,1.6669233333E+02,1.6673031667E+02,1148.517148,145137,2935887,5.1127272001E+05,96,52640,6,3,Big-Chungus,ad2cde0,ks_sweep_Big-Chungus_20260803_065354.csv
V100,cuda_opt,cuda_opt,cmp,cuda,1,fit,opt,faithful,11,0,1,10,473,297,0,nvfortran 12.9,,3.7529080000E+00,3.7542510000E+00,25.857693,145197,299883,1.7667795128E+04,96,6560,100,3,Big-Chungus,ad2cde0,ks_sweep_Big-Chungus_20260803_065354.csv
V100,cuda_opt,cuda_opt,cmp,cuda,1,fit,opt,faithful,16,0,1,15,96,96,0,nvfortran 12.9,,1.5539320000E+00,1.55472,149.359093,10407,110558,5.8487484802E+03,80,9152,100,2,Big-Chungus,ad2cde0,ks_sweep_Big-Chungus_20260803_064309.csv
V100,cuda_opt,cuda_opt,cmp,cuda,1,fit,opt,faithful,26,0,1,25,473,297,0,nvfortran 12.9,,2.6234951282E+01,2.6244151282E+01,180.759912,145137,2778428,2.4191559953E+05,80,14272,39,3,Big-Chungus,ad2cde0,ks_sweep_Big-Chungus_20260803_065354.csv
V100,cuda_opt,cuda_opt,cmp,cuda,1,fit,opt,faithful,31,0,1,30,473,297,0,nvfortran 12.9,,3.4388003333E+01,3.4398000000E+01,236.934781,145137,2866522,3.2998816625E+05,96,16800,30,3,Big-Chungus,ad2cde0,ks_sweep_Big-Chungus_20260803_065354.csv
V100,cuda_opt,cuda_opt,cmp,cuda,1,fit,opt,faithful,31,0,1,30,96,96,0,nvfortran 12.9,,4.0995356164E+00,4.10017,394.034565,10404,205409,2.3799892298E+04,96,16800,73,2,Big-Chungus,ad2cde0,ks_sweep_Big-Chungus_20260803_064309.csv
V100,cuda_opt,cuda_opt,cmp,cuda,1,fit,opt,faithful,51,0,1,50,473,297,0,nvfortran 12.9,,7.2089214286E+01,7.2096571429E+01,496.697701,145137,2935578,4.9695304208E+05,96,27040,14,3,Big-Chungus,ad2cde0,ks_sweep_Big-Chungus_20260803_065354.csv
V100,cuda_opt,cuda_opt,cmp,cuda,1,fit,opt,faithful,76,0,1,75,473,297,0,nvfortran 12.9,,1.2038522222E+02,1.2042332222E+02,829.459216,145137,2936000,5.1066355936E+05,80,39872,9,3,Big-Chungus,ad2cde0,ks_sweep_Big-Chungus_20260803_065354.csv
V100,cuda_opt,cuda_opt,cmp,cuda,1,prod,opt,faithful,128,0,1,10,473,297,0,nvfortran 12.9,,3.8356280000E+00,3.8408990000E+00,26.427637,145197,299883,1.7667795128E+04,80,66496,100,3,Big-Chungus,ad2cde0,ks_sweep_Big-Chungus_20260803_065354.csv
V100,cuda_opt,cuda_opt,cmp,cuda,1,prod,opt,faithful,128,0,1,100,473,297,0,nvfortran 12.9,cc70,1.6826101667E+02,1.6831548333E+02,1159.325442,145137,2935887,5.1127272001E+05,80,66496,6,3,Big-Chungus,ad2cde0,ks_sweep_Big-Chungus_20260803_072249.csv
V100,cuda_opt,cuda_opt,cmp,cuda,1,prod,opt,faithful,128,0,1,15,96,96,0,nvfortran 12.9,,1.6006710000E+00,1.60223,153.851499,10407,110558,5.8487484802E+03,80,66496,100,2,Big-Chungus,ad2cde0,ks_sweep_Big-Chungus_20260803_064309.csv
V100,cuda_opt,cuda_opt,cmp,cuda,1,prod,opt,faithful,128,0,1,25,473,297,0,nvfortran 12.9,cc70,2.6326284615E+01,2.6351471053E+01,181.389202,145137,2778428,2.4191559953E+05,80,66496,38,3,Big-Chungus,ad2cde0,ks_sweep_Big-Chungus_20260803_072249.csv
V100,cuda_opt,cuda_opt,cmp,cuda,1,prod,opt,faithful,128,0,1,30,473,297,0,nvfortran 12.9,cc70,3.4849068966E+01,3.4867482759E+01,240.111543,145137,2866522,3.2998816625E+05,80,66496,29,3,Big-Chungus,ad2cde0,ks_sweep_Big-Chungus_20260803_072249.csv
V100,cuda_opt,cuda_opt,cmp,cuda,1,prod,opt,faithful,128,0,1,30,64,64,0,nvfortran 12.9,cc70,3.0351378788E+00,3.0351378788E+00,619.415894,4900,96753,1.1269504893E+04,80,66496,66,1,Big-Chungus,ad2cde0,ks_sweep_Big-Chungus_20260803_073758.csv
V100,cuda_opt,cuda_opt,cmp,cuda,1,prod,opt,faithful,128,0,1,30,96,96,0,nvfortran 12.9,,4.0442594595E+00,4.04672,388.721594,10404,205409,2.3799892298E+04,80,66496,74,2,Big-Chungus,ad2cde0,ks_sweep_Big-Chungus_20260803_064309.csv
V100,cuda_opt,cuda_opt,cmp,cuda,1,prod,opt,faithful,128,0,1,50,473,297,0,nvfortran 12.9,cc70,7.2649721429E+01,7.2673350000E+01,500.559619,145137,2935578,4.9695304208E+05,80,66496,14,3,Big-Chungus,ad2cde0,ks_sweep_Big-Chungus_20260803_072249.csv
V100,cuda_opt,cuda_opt,cmp,cuda,1,prod,opt,faithful,128,0,1,75,473,297,0,nvfortran 12.9,cc70,1.2042432222E+02,1.2046045556E+02,829.728617,145137,2936000,5.1066355936E+05,80,66496,9,3,Big-Chungus,ad2cde0,ks_sweep_Big-Chungus_20260803_072249.csv
V100,dc_gpu,dc,solo,faithful,1,fit,prod,faithful,31,0,1,30,96,96,0,nvfortran 26.5,cc70,4.8340756098E+00,4.8340756098E+00,464.636256,10404,205409,2.3799892298E+04,0,0,41,1,Big-Chungus,cf2104d,ks_min_Big-Chungus_20260803_180625.csv
V100,dc_gpu_acc,,,faithful,1,fit,prod,faithful,11,0,1,10,64,64,0,nvfortran,,1.0663800000E+00,1.0663800000E+00,217.628571,4902,11606,6.8205675711E+02,,,100,1,Big-Chungus,ad2cde0,ks_sweep_Big-Chungus_20260803_054401.csv
V100,dc_gpu_acc,,,faithful,1,fit,prod,faithful,31,0,1,30,64,64,0,nvfortran,,3.7227848101E+00,3.7227848101E+00,759.752002,4900,96753,1.1269504893E+04,,,79,1,Big-Chungus,ad2cde0,ks_sweep_Big-Chungus_20260803_054401.csv
V100,dc_gpu_acc,,,faithful,1,prod,prod,faithful,128,0,1,10,64,64,0,nvfortran,,1.1951968912E+00,1.1951968912E+00,243.917733,4902,11606,6.8205675711E+02,,,193,1,Big-Chungus,ad2cde0,ks_sweep_Big-Chungus_20260803_053235.csv
V100,dc_gpu_acc,,,faithful,1,prod,prod,faithful,128,0,1,30,64,64,0,nvfortran,,3.4448181818E+00,3.4448181818E+00,703.024119,4900,96753,1.1269504893E+04,,,88,1,Big-Chungus,ad2cde0,ks_sweep_Big-Chungus_20260803_053235.csv
V100,dc_gpu_acc,dc,cmp,faithful,1,fit,prod,faithful,101,0,1,100,473,297,0,nvfortran,,1.9801931667E+02,1.9809451667E+02,1364.361374,145137,2935887,5.1127272001E+05,0,0,6,3,Big-Chungus,ad2cde0,ks_sweep_Big-Chungus_20260803_065354.csv
V100,dc_gpu_acc,dc,cmp,faithful,1,fit,prod,faithful,11,0,1,10,473,297,0,nvfortran,,3.8983010000E+00,3.9035580000E+00,26.859457,145197,299883,1.7667795128E+04,0,0,100,3,Big-Chungus,ad2cde0,ks_sweep_Big-Chungus_20260803_065354.csv
V100,dc_gpu_acc,dc,cmp,faithful,1,fit,prod,faithful,16,0,1,15,96,96,0,nvfortran,,1.8412180000E+00,1.95388,176.972126,10407,110558,5.8487484802E+03,0,0,100,2,Big-Chungus,ad2cde0,ks_sweep_Big-Chungus_20260803_064309.csv
V100,dc_gpu_acc,dc,cmp,faithful,1,fit,prod,faithful,26,0,1,25,473,297,0,nvfortran,,2.8995057143E+01,2.9007680000E+01,199.777156,145137,2778428,2.4191559953E+05,0,0,35,3,Big-Chungus,ad2cde0,ks_sweep_Big-Chungus_20260803_065354.csv
V100,dc_gpu_acc,dc,cmp,faithful,1,fit,prod,faithful,31,0,1,30,473,297,0,nvfortran,,3.8863611538E+01,3.8910846154E+01,267.771909,145137,2866522,3.2998816625E+05,0,0,26,3,Big-Chungus,ad2cde0,ks_sweep_Big-Chungus_20260803_065354.csv
V100,dc_gpu_acc,dc,cmp,faithful,1,fit,prod,faithful,31,0,1,30,96,96,0,nvfortran,,4.5859863636E+00,4.70006,440.790692,10404,205409,2.3799892298E+04,0,0,66,2,Big-Chungus,ad2cde0,ks_sweep_Big-Chungus_20260803_064309.csv
V100,dc_gpu_acc,dc,cmp,faithful,1,fit,prod,faithful,51,0,1,50,473,297,0,nvfortran,,8.3439908333E+01,8.3444000000E+01,574.904458,145137,2935578,4.9695304208E+05,0,0,12,3,Big-Chungus,ad2cde0,ks_sweep_Big-Chungus_20260803_065354.csv
V100,dc_gpu_acc,dc,cmp,faithful,1,fit,prod,faithful,76,0,1,75,473,297,0,nvfortran,,1.3913288750E+02,1.3919898750E+02,958.631414,145137,2936000,5.1066355936E+05,0,0,8,3,Big-Chungus,ad2cde0,ks_sweep_Big-Chungus_20260803_065354.csv
V100,dc_gpu_acc,dc,cmp,faithful,1,prod,prod,faithful,128,0,1,10,473,297,0,nvfortran,cc70,4.4144800000E+00,4.4186000000E+00,30.415952,145197,299883,1.7667795128E+04,0,0,100,3,Big-Chungus,ad2cde0,ks_sweep_Big-Chungus_20260803_072249.csv
V100,dc_gpu_acc,dc,cmp,faithful,1,prod,prod,faithful,128,0,1,100,473,297,0,nvfortran,cc70,1.9555251667E+02,1.9570016667E+02,1347.365018,145137,2935887,5.1127272001E+05,0,0,6,3,Big-Chungus,ad2cde0,ks_sweep_Big-Chungus_20260803_072249.csv
V100,dc_gpu_acc,dc,cmp,faithful,1,prod,prod,faithful,128,0,1,15,96,96,0,nvfortran,,1.9692800000E+00,2.05459,189.281046,10407,110558,5.8487484802E+03,0,0,100,2,Big-Chungus,ad2cde0,ks_sweep_Big-Chungus_20260803_064309.csv
V100,dc_gpu_acc,dc,cmp,faithful,1,prod,prod,faithful,128,0,1,25,473,297,0,nvfortran,,2.9939497059E+01,2.9946464706E+01,206.284387,145137,2778428,2.4191559953E+05,0,0,34,3,Big-Chungus,ad2cde0,ks_sweep_Big-Chungus_20260803_065354.csv
V100,dc_gpu_acc,dc,cmp,faithful,1,prod,prod,faithful,128,0,1,30,473,297,0,nvfortran,,3.9594153846E+01,3.9620803846E+01,272.805376,145137,2866522,3.2998816625E+05,0,0,26,3,Big-Chungus,ad2cde0,ks_sweep_Big-Chungus_20260803_065354.csv
V100,dc_gpu_acc,dc,cmp,faithful,1,prod,prod,faithful,128,0,1,30,64,64,0,nvfortran,cc70,3.7137150943E+00,3.7137150943E+00,757.901040,4900,96753,1.1269504893E+04,254,66600,53,1,Big-Chungus,ad2cde0,ks_sweep_Big-Chungus_20260803_073758.csv
V100,dc_gpu_acc,dc,cmp,faithful,1,prod,prod,faithful,128,0,1,30,96,96,0,nvfortran,,4.5958769231E+00,4.59721,441.741342,10404,205409,2.3799892298E+04,0,0,65,2,Big-Chungus,ad2cde0,ks_sweep_Big-Chungus_20260803_064309.csv
V100,dc_gpu_acc,dc,cmp,faithful,1,prod,prod,faithful,128,0,1,50,473,297,0,nvfortran,,8.2994315385E+01,8.3011315385E+01,571.834304,145137,2935578,4.9695304208E+05,0,0,13,3,Big-Chungus,ad2cde0,ks_sweep_Big-Chungus_20260803_065354.csv
V100,dc_gpu_acc,dc,cmp,faithful,1,prod,prod,faithful,128,0,1,75,473,297,0,nvfortran,,1.3955062500E+02,1.3957712500E+02,961.509643,145137,2936000,5.1066355936E+05,0,0,8,3,Big-Chungus,ad2cde0,ks_sweep_Big-Chungus_20260803_065354.csv
V100,dc_gpu_acc,dc,solo,faithful,1,fit,prod,faithful,101,0,1,100,473,297,0,nvfortran,,1.9794336667E+02,1.9808096667E+02,1363.838075,145137,2935887,5.1127272001E+05,0,0,6,3,Big-Chungus,ad2cde0,ks_sweep_Big-Chungus_20260803_065354.csv
V100,dc_gpu_acc,dc,solo,faithful,1,fit,prod,faithful,11,0,1,10,473,297,0,nvfortran,,3.8926510000E+00,3.8930320000E+00,26.820528,145197,299883,1.7667795128E+04,0,0,100,3,Big-Chungus,ad2cde0,ks_sweep_Big-Chungus_20260803_065354.csv
V100,dc_gpu_acc,dc,solo,faithful,1,fit,prod,faithful,16,0,1,15,96,96,0,nvfortran,,1.8440200000E+00,1.93167,177.241446,10407,110558,5.8487484802E+03,0,0,100,2,Big-Chungus,ad2cde0,ks_sweep_Big-Chungus_20260803_064309.csv
V100,dc_gpu_acc,dc,solo,faithful,1,fit,prod,faithful,26,0,1,25,473,297,0,nvfortran,,2.8972571429E+01,2.8995457143E+01,199.622229,145137,2778428,2.4191559953E+05,0,0,35,3,Big-Chungus,ad2cde0,ks_sweep_Big-Chungus_20260803_065354.csv
V100,dc_gpu_acc,dc,solo,faithful,1,fit,prod,faithful,31,0,1,30,473,297,0,nvfortran,,3.8969388462E+01,3.8971726923E+01,268.500716,145137,2866522,3.2998816625E+05,0,0,26,3,Big-Chungus,ad2cde0,ks_sweep_Big-Chungus_20260803_065354.csv
V100,dc_gpu_acc,dc,solo,faithful,1,fit,prod,faithful,31,0,1,30,96,96,0,nvfortran,,4.5894530303E+00,4.63416,441.123898,10404,205409,2.3799892298E+04,0,0,66,2,Big-Chungus,ad2cde0,ks_sweep_Big-Chungus_20260803_064309.csv
V100,dc_gpu_acc,dc,solo,faithful,1,fit,prod,faithful,51,0,1,50,473,297,0,nvfortran,,8.3320230769E+01,8.3351333333E+01,574.079875,145137,2935578,4.9695304208E+05,0,0,13,3,Big-Chungus,ad2cde0,ks_sweep_Big-Chungus_20260803_065354.csv
V100,dc_gpu_acc,dc,solo,faithful,1,fit,prod,faithful,76,0,1,75,473,297,0,nvfortran,,1.3922950000E+02,1.3926476250E+02,959.297078,145137,2936000,5.1066355936E+05,0,0,8,3,Big-Chungus,ad2cde0,ks_sweep_Big-Chungus_20260803_065354.csv
V100,dc_gpu_acc,dc,solo,faithful,1,prod,prod,faithful,128,0,1,10,473,297,0,nvfortran,cc70,4.4167120000E+00,4.4181490000E+00,30.431330,145197,299883,1.7667795128E+04,0,0,100,3,Big-Chungus,ad2cde0,ks_sweep_Big-Chungus_20260803_072249.csv
V100,dc_gpu_acc,dc,solo,faithful,1,prod,prod,faithful,128,0,1,100,473,297,0,nvfortran,,1.9562936667E+02,1.9568301667E+02,1347.894518,145137,2935887,5.1127272001E+05,0,0,6,3,Big-Chungus,ad2cde0,ks_sweep_Big-Chungus_20260803_065354.csv
V100,dc_gpu_acc,dc,solo,faithful,1,prod,prod,faithful,128,0,1,15,96,96,0,nvfortran,,1.9789810000E+00,2.02325,190.213476,10407,110558,5.8487484802E+03,0,0,100,2,Big-Chungus,ad2cde0,ks_sweep_Big-Chungus_20260803_064309.csv
V100,dc_gpu_acc,dc,solo,faithful,1,prod,prod,faithful,128,0,1,25,473,297,0,nvfortran,,2.9927791176E+01,2.9940997059E+01,206.203733,145137,2778428,2.4191559953E+05,0,0,34,3,Big-Chungus,ad2cde0,ks_sweep_Big-Chungus_20260803_065354.csv
V100,dc_gpu_acc,dc,solo,faithful,1,prod,prod,faithful,128,0,1,30,473,297,0,nvfortran,,3.9588076923E+01,3.9635765385E+01,272.763506,145137,2866522,3.2998816625E+05,0,0,26,3,Big-Chungus,ad2cde0,ks_sweep_Big-Chungus_20260803_065354.csv
V100,dc_gpu_acc,dc,solo,faithful,1,prod,prod,faithful,128,0,1,30,96,96,0,nvfortran,,4.5984984848E+00,4.59907,441.993318,10404,205409,2.3799892298E+04,0,0,66,2,Big-Chungus,ad2cde0,ks_sweep_Big-Chungus_20260803_064309.csv
V100,dc_gpu_acc,dc,solo,faithful,1,prod,prod,faithful,128,0,1,50,473,297,0,nvfortran,,8.3030169231E+01,8.3031000000E+01,572.081339,145137,2935578,4.9695304208E+05,0,0,13,3,Big-Chungus,ad2cde0,ks_sweep_Big-Chungus_20260803_065354.csv
V100,dc_gpu_acc,dc,solo,faithful,1,prod,prod,faithful,128,0,1,75,473,297,0,nvfortran,cc70,1.3961851250E+02,1.3973736250E+02,961.977390,145137,2936000,5.1066355936E+05,0,0,8,3,Big-Chungus,ad2cde0,ks_sweep_Big-Chungus_20260803_072249.csv
V100,dc_gpu_omp,,,faithful,1,fit,prod,faithful,11,0,1,10,64,64,0,nvfortran,,1.0646010000E+00,1.0646010000E+00,217.265510,4902,11606,6.8205675711E+02,,,100,1,Big-Chungus,ad2cde0,ks_sweep_Big-Chungus_20260803_054401.csv
V100,dc_gpu_omp,,,faithful,1,fit,prod,faithful,31,0,1,30,64,64,0,nvfortran,,3.4968372093E+00,3.4968372093E+00,713.640247,4900,96753,1.1269504893E+04,,,86,1,Big-Chungus,ad2cde0,ks_sweep_Big-Chungus_20260803_054401.csv
V100,dc_gpu_omp,,,faithful,1,prod,prod,faithful,128,0,1,10,64,64,0,nvfortran,,1.1497690000E+00,1.1497690000E+00,234.646735,4902,11606,6.8205675711E+02,,,100,1,Big-Chungus,ad2cde0,ks_sweep_Big-Chungus_20260803_054401.csv
V100,dc_gpu_omp,,,faithful,1,prod,prod,faithful,128,0,1,30,64,64,0,nvfortran,,3.4994129412E+00,3.4994129412E+00,714.165906,4900,96753,1.1269504893E+04,,,85,1,Big-Chungus,ad2cde0,ks_sweep_Big-Chungus_20260803_054401.csv
Xeon Max,dc_multicore,dc,solo,faithful,1,fit,prod,faithful,101,0,1,100,64,64,0,ifx 2025.3.2,cc90,2.6478677988E+02,2.6495599747E+02,54038.118343,4900,99315,1.7375307995E+04,0,0,4,3,x4310c1s0b0n0,5510df7,ks_min_aurora_20260804_040200.csv
Xeon Max,dc_multicore,dc,solo,faithful,1,fit,prod,faithful,101,0,104,100,64,64,0,ifx 2025.3.2,cc90,4.6808314323E+00,4.7104907036E+00,955.271721,4900,99315,1.7375307995E+04,0,0,100,3,x4310c1s0b0n0,5510df7,ks_min_aurora_20260804_040200.csv
Xeon Max,dc_multicore,dc,solo,faithful,1,fit,prod,faithful,101,0,26,100,64,64,0,ifx 2025.3.2,cc90,1.1738023093E+01,1.1758244315E+01,2395.514917,4900,99315,1.7375307995E+04,0,0,86,3,x4310c1s0b0n0,5510df7,ks_min_aurora_20260804_040200.csv
Xeon Max,dc_multicore,dc,solo,faithful,1,fit,prod,faithful,101,0,52,100,64,64,0,ifx 2025.3.2,cc90,8.1517004967E+00,8.1589007378E+00,1663.612346,4900,99315,1.7375307995E+04,0,0,100,3,x4310c1s0b0n0,5510df7,ks_min_aurora_20260804_040200.csv
Xeon Max,dc_multicore,dc,solo,faithful,1,fit,prod,faithful,11,0,1,10,64,64,0,ifx 2025.3.2,cc90,3.4847593307E+00,3.4905695915E+00,711.175374,4902,11606,6.8205675711E+02,0,0,100,3,x4310c1s0b0n0,5510df7,ks_min_aurora_20260804_040200.csv
Xeon Max,dc_multicore,dc,solo,faithful,1,fit,prod,faithful,11,0,104,10,64,64,0,ifx 2025.3.2,cc90,2.5943994522E-01,2.5956153870E-01,52.946928,4902,11606,6.8205675711E+02,0,0,100,3,x4310c1s0b0n0,5510df7,ks_min_aurora_20260804_040200.csv
Xeon Max,dc_multicore,dc,solo,faithful,1,fit,prod,faithful,11,0,26,10,64,64,0,ifx 2025.3.2,cc90,5.7980060577E-01,5.8003902435E-01,118.326654,4902,11606,6.8205675711E+02,0,0,100,3,x4310c1s0b0n0,5510df7,ks_min_aurora_20260804_040200.csv
Xeon Max,dc_multicore,dc,solo,faithful,1,fit,prod,faithful,11,0,52,10,64,64,0,ifx 2025.3.2,cc90,4.0255784988E-01,4.0268898010E-01,82.154663,4902,11606,6.8205675711E+02,0,0,100,3,x4310c1s0b0n0,5510df7,ks_min_aurora_20260804_040200.csv
Xeon Max,dc_multicore,dc,solo,faithful,1,fit,prod,faithful,26,0,1,25,64,64,0,ifx 2025.3.2,cc90,3.6938607693E+01,3.6950750010E+01,7538.491366,4900,93699,8.2706422989E+03,0,0,28,3,x4310c1s0b0n0,5510df7,ks_min_aurora_20260804_040200.csv
Xeon Max,dc_multicore,dc,solo,faithful,1,fit,prod,faithful,26,0,104,25,64,64,0,ifx 2025.3.2,cc90,8.9466094971E-01,8.9488983154E-01,182.583867,4900,93699,8.2706422989E+03,0,0,100,3,x4310c1s0b0n0,5510df7,ks_min_aurora_20260804_040200.csv
Xeon Max,dc_multicore,dc,solo,faithful,1,fit,prod,faithful,26,0,26,25,64,64,0,ifx 2025.3.2,cc90,2.0756483078E+00,2.0773410797E+00,423.601695,4900,93699,8.2706422989E+03,0,0,100,3,x4310c1s0b0n0,5510df7,ks_min_aurora_20260804_040200.csv
Xeon Max,dc_multicore,dc,solo,faithful,1,fit,prod,faithful,26,0,52,25,64,64,0,ifx 2025.3.2,cc90,1.4103817940E+00,1.4131093025E+00,287.833019,4900,93699,8.2706422989E+03,0,0,100,3,x4310c1s0b0n0,5510df7,ks_min_aurora_20260804_040200.csv
Xeon Max,dc_multicore,dc,solo,faithful,1,fit,prod,faithful,31,0,1,30,64,64,0,ifx 2025.3.2,cc90,4.9937384469E+01,4.9944854918E+01,10191.302953,4900,96753,1.1269504893E+04,0,0,21,3,x4310c1s0b0n0,5510df7,ks_min_aurora_20260804_040200.csv
Xeon Max,dc_multicore,dc,solo,faithful,1,fit,prod,faithful,31,0,104,30,64,64,0,ifx 2025.3.2,cc90,1.1158990860E+00,1.1174511909E+00,227.734507,4900,96753,1.1269504893E+04,0,0,100,3,x4310c1s0b0n0,5510df7,ks_min_aurora_20260804_040200.csv
Xeon Max,dc_multicore,dc,solo,faithful,1,fit,prod,faithful,31,0,26,30,64,64,0,ifx 2025.3.2,cc90,2.7021193504E+00,2.7029204369E+00,551.452929,4900,96753,1.1269504893E+04,0,0,100,3,x4310c1s0b0n0,5510df7,ks_min_aurora_20260804_040200.csv
Xeon Max,dc_multicore,dc,solo,faithful,1,fit,prod,faithful,31,0,52,30,64,64,0,ifx 2025.3.2,cc90,1.8432807922E+00,1.8575310707E+00,376.179754,4900,96753,1.1269504893E+04,0,0,100,3,x4310c1s0b0n0,5510df7,ks_min_aurora_20260804_040200.csv
Xeon Max,dc_multicore,dc,solo,faithful,1,fit,prod,faithful,51,0,1,50,64,64,0,ifx 2025.3.2,cc90,1.0977180004E+02,1.0977768898E+02,22402.408171,4900,99272,1.6897225677E+04,0,0,10,3,x4310c1s0b0n0,5510df7,ks_min_aurora_20260804_040200.csv
Xeon Max,dc_multicore,dc,solo,faithful,1,fit,prod,faithful,51,0,104,50,64,64,0,ifx 2025.3.2,cc90,2.1848297119E+00,2.2204804420E+00,445.883615,4900,99272,1.6897225677E+04,0,0,100,3,x4310c1s0b0n0,5510df7,ks_min_aurora_20260804_040200.csv
Xeon Max,dc_multicore,dc,solo,faithful,1,fit,prod,faithful,51,0,26,50,64,64,0,ifx 2025.3.2,cc90,5.2668285370E+00,5.2684783936E+00,1074.862967,4900,99272,1.6897225677E+04,0,0,100,3,x4310c1s0b0n0,5510df7,ks_min_aurora_20260804_040200.csv
Xeon Max,dc_multicore,dc,solo,faithful,1,fit,prod,faithful,51,0,52,50,64,64,0,ifx 2025.3.2,cc90,3.6907792091E+00,3.6923980713E+00,753.220247,4900,99272,1.6897225677E+04,0,0,100,3,x4310c1s0b0n0,5510df7,ks_min_aurora_20260804_040200.csv
Xeon Max,dc_multicore,dc,solo,faithful,1,fit,prod,faithful,76,0,1,75,64,64,0,ifx 2025.3.2,cc90,1.8747750918E+02,1.8749666214E+02,38260.716159,4900,99341,1.7354910659E+04,0,0,6,3,x4310c1s0b0n0,5510df7,ks_min_aurora_20260804_040200.csv
Xeon Max,dc_multicore,dc,solo,faithful,1,fit,prod,faithful,76,0,104,75,64,64,0,ifx 2025.3.2,cc90,3.4288907051E+00,3.4299302101E+00,699.773613,4900,99341,1.7354910659E+04,0,0,100,3,x4310c1s0b0n0,5510df7,ks_min_aurora_20260804_040200.csv
Xeon Max,dc_multicore,dc,solo,faithful,1,fit,prod,faithful,76,0,26,75,64,64,0,ifx 2025.3.2,cc90,8.5093212128E+00,8.5107207298E+00,1736.596166,4900,99341,1.7354910659E+04,0,0,100,3,x4310c1s0b0n0,5510df7,ks_min_aurora_20260804_040200.csv
Xeon Max,dc_multicore,dc,solo,faithful,1,fit,prod,faithful,76,0,52,75,64,64,0,ifx 2025.3.2,cc90,5.9278082848E+00,5.9302496910E+00,1209.756793,4900,99341,1.7354910659E+04,0,0,100,3,x4310c1s0b0n0,5510df7,ks_min_aurora_20260804_040200.csv
Xeon Max,dc_multicore,dc,solo,faithful,1,prod,full,faithful,128,0,1,10,473,297,0,ifx 2025.3.2,none,9.9858370694E+01,1.0007300377E+02,688.028350,145197,299883,1.7667795128E+04,0,0,11,3,x4600c0s4b0n0,4581bbd,aurora_cpu_prod.csv
Xeon Max,dc_multicore,dc,solo,faithful,1,prod,full,faithful,128,0,1,100,473,297,0,ifx 2025.3.2,none,8.0943763256E+03,8.0984892845E+03,55770.591411,145137,2935887,5.1127272001E+05,0,0,3,3,x4600c0s4b0n0,4581bbd,aurora_cpu_prod.csv
Xeon Max,dc_multicore,dc,solo,faithful,1,prod,full,faithful,128,0,1,25,473,297,0,ifx 2025.3.2,none,1.1569422881E+03,1.1576463381E+03,7971.380751,145137,2778428,2.4191559953E+05,0,0,3,3,x4600c0s4b0n0,4581bbd,aurora_cpu_prod.csv
Xeon Max,dc_multicore,dc,solo,faithful,1,prod,full,faithful,128,0,1,30,473,297,0,ifx 2025.3.2,none,1.5504639943E+03,1.5508756638E+03,10682.761765,145137,2866522,3.2998816625E+05,0,0,3,3,x4600c0s4b0n0,4581bbd,aurora_cpu_prod.csv
Xeon Max,dc_multicore,dc,solo,faithful,1,prod,full,faithful,128,0,1,50,473,297,0,ifx 2025.3.2,none,3.3804267248E+03,3.3815886974E+03,23291.281512,145137,2935578,4.9695304208E+05,0,0,3,3,x4600c0s4b0n0,4581bbd,aurora_cpu_prod.csv
Xeon Max,dc_multicore,dc,solo,faithful,1,prod,full,faithful,128,0,1,75,473,297,0,ifx 2025.3.2,none,5.7487036387E+03,5.7498000463E+03,39608.808496,145137,2936000,5.1066355936E+05,0,0,3,3,x4600c0s4b0n0,4581bbd,aurora_cpu_prod.csv
Xeon Max,dc_multicore,dc,solo,faithful,1,prod,full,faithful,128,0,104,10,473,297,0,ifx 2025.3.2,none,7.5785899162E+00,7.5856804848E+00,52.216801,145197,299883,1.7667795128E+04,0,0,100,3,x4600c0s4b0n0,4581bbd,aurora_cpu_prod.csv
Xeon Max,dc_multicore,dc,solo,faithful,1,prod,full,faithful,128,0,104,100,473,297,0,ifx 2025.3.2,none,1.3444074988E+02,1.3454088569E+02,926.302389,145137,2935887,5.1127272001E+05,0,0,8,3,x4600c0s4b0n0,4581bbd,aurora_cpu_prod.csv
Xeon Max,dc_multicore,dc,solo,faithful,1,prod,full,faithful,128,0,104,25,473,297,0,ifx 2025.3.2,none,2.5082051754E+01,2.5086128712E+01,172.816386,145137,2778428,2.4191559953E+05,0,0,40,3,x4600c0s4b0n0,4581bbd,aurora_cpu_prod.csv
Xeon Max,dc_multicore,dc,solo,faithful,1,prod,full,faithful,128,0,104,30,473,297,0,ifx 2025.3.2,none,3.1478032470E+01,3.1478375196E+01,216.884960,145137,2866522,3.2998816625E+05,0,0,32,3,x4600c0s4b0n0,4581bbd,aurora_cpu_prod.csv
Xeon Max,dc_multicore,dc,solo,faithful,1,prod,full,faithful,128,0,104,50,473,297,0,ifx 2025.3.2,none,6.0570464415E+01,6.0571404064E+01,417.333033,145137,2935578,4.9695304208E+05,0,0,17,3,x4600c0s4b0n0,4581bbd,aurora_cpu_prod.csv
Xeon Max,dc_multicore,dc,solo,faithful,1,prod,full,faithful,128,0,104,75,473,297,0,ifx 2025.3.2,none,9.6681356430E+01,9.6684824337E+01,666.138589,145137,2936000,5.1066355936E+05,0,0,11,3,x4600c0s4b0n0,4581bbd,aurora_cpu_prod.csv
Xeon Max,dc_multicore,dc,solo,faithful,1,prod,prod,faithful,128,0,1,10,64,64,0,ifx 2025.3.2,cc90,3.6150217056E+00,3.6164999008E+00,737.759532,4902,11606,6.8205675711E+02,0,0,100,3,x4310c1s0b0n0,5510df7,ks_min_aurora_20260804_040200.csv
Xeon Max,dc_multicore,dc,solo,faithful,1,prod,prod,faithful,128,0,1,100,64,64,0,ifx 2025.3.2,cc90,2.6451700926E+02,2.6455771923E+02,53983.063114,4900,99315,1.7375307995E+04,0,0,4,3,x4310c1s0b0n0,5510df7,ks_min_aurora_20260804_040200.csv
Xeon Max,dc_multicore,dc,solo,faithful,1,prod,prod,faithful,128,0,1,25,64,64,0,ifx 2025.3.2,cc90,3.7102107648E+01,3.7137773302E+01,7571.858704,4900,93699,8.2706422989E+03,0,0,27,3,x4310c1s0b0n0,5510df7,ks_min_aurora_20260804_040200.csv
Xeon Max,dc_multicore,dc,solo,faithful,1,prod,prod,faithful,128,0,1,30,64,64,0,ifx 2025.3.2,cc90,5.0110399723E+01,5.0120651722E+01,10226.612188,4900,96753,1.1269504893E+04,0,0,20,3,x4310c1s0b0n0,5510df7,ks_min_aurora_20260804_040200.csv
Xeon Max,dc_multicore,dc,solo,faithful,1,prod,prod,faithful,128,0,1,50,64,64,0,ifx 2025.3.2,cc90,1.0983541012E+02,1.0983970165E+02,22415.389820,4900,99272,1.6897225677E+04,0,0,10,3,x4310c1s0b0n0,5510df7,ks_min_aurora_20260804_040200.csv
Xeon Max,dc_multicore,dc,solo,faithful,1,prod,prod,faithful,128,0,1,75,64,64,0,ifx 2025.3.2,cc90,1.8727016449E+02,1.8728299936E+02,38218.400916,4900,99341,1.7354910659E+04,0,0,6,3,x4310c1s0b0n0,5510df7,ks_min_aurora_20260804_040200.csv
Xeon Max,dc_multicore,dc,solo,faithful,1,prod,prod,faithful,128,0,104,10,64,64,0,ifx 2025.3.2,cc90,2.6514053345E-01,2.6561021805E-01,54.110313,4902,11606,6.8205675711E+02,0,0,100,3,x4310c1s0b0n0,5510df7,ks_min_aurora_20260804_040200.csv
Xeon Max,dc_multicore,dc,solo,faithful,1,prod,prod,faithful,128,0,104,100,64,64,0,ifx 2025.3.2,cc90,4.6818208694E+00,4.6837210655E+00,955.473647,4900,99315,1.7375307995E+04,0,0,100,3,x4310c1s0b0n0,5510df7,ks_min_aurora_20260804_040200.csv
Xeon Max,dc_multicore,dc,solo,faithful,1,prod,prod,faithful,128,0,104,25,64,64,0,ifx 2025.3.2,cc90,9.0189933777E-01,9.0368986130E-01,184.061089,4900,93699,8.2706422989E+03,0,0,100,3,x4310c1s0b0n0,5510df7,ks_min_aurora_20260804_040200.csv
Xeon Max,dc_multicore,dc,solo,faithful,1,prod,prod,faithful,128,0,104,30,64,64,0,ifx 2025.3.2,cc90,1.1351704597E+00,1.1352396011E+00,231.667441,4900,96753,1.1269504893E+04,0,0,100,3,x4310c1s0b0n0,5510df7,ks_min_aurora_20260804_040200.csv
Xeon Max,dc_multicore,dc,solo,faithful,1,prod,prod,faithful,128,0,104,50,64,64,0,ifx 2025.3.2,cc90,2.1804594994E+00,2.1814203262E+00,444.991735,4900,99272,1.6897225677E+04,0,0,100,3,x4310c1s0b0n0,5510df7,ks_min_aurora_20260804_040200.csv
Xeon Max,dc_multicore,dc,solo,faithful,1,prod,prod,faithful,128,0,104,75,64,64,0,ifx 2025.3.2,cc90,3.4323287010E+00,3.4327888489E+00,700.475245,4900,99341,1.7354910659E+04,0,0,100,3,x4310c1s0b0n0,5510df7,ks_min_aurora_20260804_040200.csv
Xeon Max,dc_multicore,dc,solo,faithful,1,prod,prod,faithful,128,0,26,10,64,64,0,ifx 2025.3.2,cc90,5.8686017990E-01,5.9070825577E-01,119.767384,4902,11606,6.8205675711E+02,0,0,100,3,x4310c1s0b0n0,5510df7,ks_min_aurora_20260804_040200.csv
Xeon Max,dc_multicore,dc,solo,faithful,1,prod,prod,faithful,128,0,26,100,64,64,0,ifx 2025.3.2,cc90,1.1721489041E+01,1.1724696603E+01,2392.140621,4900,99315,1.7375307995E+04,0,0,86,3,x4310c1s0b0n0,5510df7,ks_min_aurora_20260804_040200.csv
Xeon Max,dc_multicore,dc,solo,faithful,1,prod,prod,faithful,128,0,26,25,64,64,0,ifx 2025.3.2,cc90,2.0969390869E+00,2.0987010002E+00,427.946752,4900,93699,8.2706422989E+03,0,0,100,3,x4310c1s0b0n0,5510df7,ks_min_aurora_20260804_040200.csv
Xeon Max,dc_multicore,dc,solo,faithful,1,prod,prod,faithful,128,0,26,30,64,64,0,ifx 2025.3.2,cc90,2.7199602127E+00,2.7207684517E+00,555.093921,4900,96753,1.1269504893E+04,0,0,100,3,x4310c1s0b0n0,5510df7,ks_min_aurora_20260804_040200.csv
Xeon Max,dc_multicore,dc,solo,faithful,1,prod,prod,faithful,128,0,26,50,64,64,0,ifx 2025.3.2,cc90,5.2824306488E+00,5.2971005440E+00,1078.047071,4900,99272,1.6897225677E+04,0,0,100,3,x4310c1s0b0n0,5510df7,ks_min_aurora_20260804_040200.csv
Xeon Max,dc_multicore,dc,solo,faithful,1,prod,prod,faithful,128,0,26,75,64,64,0,ifx 2025.3.2,cc90,8.5029292107E+00,8.5042905807E+00,1735.291676,4900,99341,1.7354910659E+04,0,0,100,3,x4310c1s0b0n0,5510df7,ks_min_aurora_20260804_040200.csv
Xeon Max,dc_multicore,dc,solo,faithful,1,prod,prod,faithful,128,0,52,10,64,64,0,ifx 2025.3.2,cc90,4.0787935257E-01,4.0940999985E-01,83.240684,4902,11606,6.8205675711E+02,0,0,100,3,x4310c1s0b0n0,5510df7,ks_min_aurora_20260804_040200.csv
Xeon Max,dc_multicore,dc,solo,faithful,1,prod,prod,faithful,128,0,52,100,64,64,0,ifx 2025.3.2,cc90,8.1475305557E+00,8.1481790543E+00,1662.761338,4900,99315,1.7375307995E+04,0,0,100,3,x4310c1s0b0n0,5510df7,ks_min_aurora_20260804_040200.csv
Xeon Max,dc_multicore,dc,solo,faithful,1,prod,prod,faithful,128,0,52,25,64,64,0,ifx 2025.3.2,cc90,1.4234519005E+00,1.4244890213E+00,290.500388,4900,93699,8.2706422989E+03,0,0,100,3,x4310c1s0b0n0,5510df7,ks_min_aurora_20260804_040200.csv
Xeon Max,dc_multicore,dc,solo,faithful,1,prod,prod,faithful,128,0,52,30,64,64,0,ifx 2025.3.2,cc90,1.8579411507E+00,1.8588209152E+00,379.171663,4900,96753,1.1269504893E+04,0,0,100,3,x4310c1s0b0n0,5510df7,ks_min_aurora_20260804_040200.csv
Xeon Max,dc_multicore,dc,solo,faithful,1,prod,prod,faithful,128,0,52,50,64,64,0,ifx 2025.3.2,cc90,3.6956787109E+00,3.6962199211E+00,754.220145,4900,99272,1.6897225677E+04,0,0,100,3,x4310c1s0b0n0,5510df7,ks_min_aurora_20260804_040200.csv
Xeon Max,dc_multicore,dc,solo,faithful,1,prod,prod,faithful,128,0,52,75,64,64,0,ifx 2025.3.2,cc90,5.9196186066E+00,5.9259295464E+00,1208.085430,4900,99341,1.7354910659E+04,0,0,100,3,x4310c1s0b0n0,5510df7,ks_min_aurora_20260804_040200.csv
Xeon Max,dc_serial,dc,solo,faithful,1,fit,prod,faithful,101,0,1,100,64,64,0,ifx 2025.3.2,cc90,2.6422923803E+02,2.6458626986E+02,53924.334292,4900,99315,1.7375307995E+04,0,0,4,3,x4310c1s0b0n0,5510df7,ks_min_aurora_20260804_036200.csv
Xeon Max,dc_serial,dc,solo,faithful,1,fit,prod,faithful,11,0,1,10,64,64,0,ifx 2025.3.2,cc90,3.4951114655E+00,3.5002589226E+00,713.288054,4902,11606,6.8205675711E+02,0,0,100,3,x4310c1s0b0n0,5510df7,ks_min_aurora_20260804_036200.csv
Xeon Max,dc_serial,dc,solo,faithful,1,fit,prod,faithful,26,0,1,25,64,64,0,ifx 2025.3.2,cc90,3.6784751075E+01,3.6795863083E+01,7507.092056,4900,93699,8.2706422989E+03,0,0,28,3,x4310c1s0b0n0,5510df7,ks_min_aurora_20260804_036200.csv
Xeon Max,dc_serial,dc,solo,faithful,1,fit,prod,faithful,31,0,1,30,64,64,0,ifx 2025.3.2,cc90,4.9903619857E+01,4.9916710172E+01,10184.412216,4900,96753,1.1269504893E+04,0,0,21,3,x4310c1s0b0n0,5510df7,ks_min_aurora_20260804_036200.csv
Xeon Max,dc_serial,dc,solo,faithful,1,fit,prod,faithful,51,0,1,50,64,64,0,ifx 2025.3.2,cc90,1.0957670212E+02,1.0974049568E+02,22362.592269,4900,99272,1.6897225677E+04,0,0,10,3,x4310c1s0b0n0,5510df7,ks_min_aurora_20260804_036200.csv
Xeon Max,dc_serial,dc,solo,faithful,1,fit,prod,faithful,76,0,1,75,64,64,0,ifx 2025.3.2,cc90,1.8733119965E+02,1.8735233943E+02,38230.857071,4900,99341,1.7354910659E+04,0,0,6,3,x4310c1s0b0n0,5510df7,ks_min_aurora_20260804_036200.csv
Xeon Max,dc_serial,dc,solo,faithful,1,prod,prod,faithful,128,0,1,10,64,64,0,ifx 2025.3.2,cc90,3.6403894424E+00,3.6412119865E+00,742.936621,4902,11606,6.8205675711E+02,0,0,100,3,x4310c1s0b0n0,5510df7,ks_min_aurora_20260804_036200.csv
Xeon Max,dc_serial,dc,solo,faithful,1,prod,prod,faithful,128,0,1,100,64,64,0,ifx 2025.3.2,cc90,2.6414769888E+02,2.6421546936E+02,53907.693649,4900,99315,1.7375307995E+04,0,0,4,3,x4310c1s0b0n0,5510df7,ks_min_aurora_20260804_036200.csv
Xeon Max,dc_serial,dc,solo,faithful,1,prod,prod,faithful,128,0,1,25,64,64,0,ifx 2025.3.2,cc90,3.6894857883E+01,3.6904139178E+01,7529.562833,4900,93699,8.2706422989E+03,0,0,28,3,x4310c1s0b0n0,5510df7,ks_min_aurora_20260804_036200.csv
Xeon Max,dc_serial,dc,solo,faithful,1,prod,prod,faithful,128,0,1,30,64,64,0,ifx 2025.3.2,cc90,4.9867527825E+01,4.9878143129E+01,10177.046495,4900,96753,1.1269504893E+04,0,0,21,3,x4310c1s0b0n0,5510df7,ks_min_aurora_20260804_036200.csv
Xeon Max,dc_serial,dc,solo,faithful,1,prod,prod,faithful,128,0,1,50,64,64,0,ifx 2025.3.2,cc90,1.0984148979E+02,1.0986490250E+02,22416.630569,4900,99272,1.6897225677E+04,0,0,10,3,x4310c1s0b0n0,5510df7,ks_min_aurora_20260804_036200.csv
Xeon Max,dc_serial,dc,solo,faithful,1,prod,prod,faithful,128,0,1,75,64,64,0,ifx 2025.3.2,cc90,1.8706635634E+02,1.8710350990E+02,38176.807416,4900,99341,1.7354910659E+04,0,0,6,3,x4310c1s0b0n0,5510df7,ks_min_aurora_20260804_036200.csv
Xeon Max,serial_do,dc,solo,faithful,1,fit,prod,faithful,101,0,1,100,64,64,0,ifx 2025.3.2,cc90,2.6434576511E+02,2.6445394754E+02,53948.115329,4900,99315,1.7375307995E+04,0,0,4,3,x4310c1s0b0n0,5510df7,ks_min_aurora_20260804_035200.csv
Xeon Max,serial_do,dc,solo,faithful,1,fit,prod,faithful,11,0,1,10,64,64,0,ifx 2025.3.2,cc90,3.5014295578E+00,3.5027217865E+00,714.577461,4902,11606,6.8205675711E+02,0,0,100,3,x4310c1s0b0n0,5510df7,ks_min_aurora_20260804_035200.csv
Xeon Max,serial_do,dc,solo,faithful,1,fit,prod,faithful,26,0,1,25,64,64,0,ifx 2025.3.2,cc90,3.6781498364E+01,3.6799533027E+01,7506.428238,4900,93699,8.2706422989E+03,0,0,28,3,x4310c1s0b0n0,5510df7,ks_min_aurora_20260804_035200.csv
Xeon Max,serial_do,dc,solo,faithful,1,fit,prod,faithful,31,0,1,30,64,64,0,ifx 2025.3.2,cc90,5.0016152859E+01,5.0042998791E+01,10207.378134,4900,96753,1.1269504893E+04,0,0,20,3,x4310c1s0b0n0,5510df7,ks_min_aurora_20260804_035200.csv
Xeon Max,serial_do,dc,solo,faithful,1,fit,prod,faithful,51,0,1,50,64,64,0,ifx 2025.3.2,cc90,1.0947699547E+02,1.0952150822E+02,22342.243973,4900,99272,1.6897225677E+04,0,0,10,3,x4310c1s0b0n0,5510df7,ks_min_aurora_20260804_035200.csv
Xeon Max,serial_do,dc,solo,faithful,1,fit,prod,faithful,76,0,1,75,64,64,0,ifx 2025.3.2,cc90,1.8712397416E+02,1.8718548616E+02,38188.566155,4900,99341,1.7354910659E+04,0,0,6,3,x4310c1s0b0n0,5510df7,ks_min_aurora_20260804_035200.csv
Xeon Max,serial_do,dc,solo,faithful,1,prod,prod,faithful,128,0,1,10,64,64,0,ifx 2025.3.2,cc90,3.6472511292E+00,3.6482214928E+00,744.336965,4902,11606,6.8205675711E+02,0,0,100,3,x4310c1s0b0n0,5510df7,ks_min_aurora_20260804_035200.csv
Xeon Max,serial_do,dc,solo,faithful,1,prod,prod,faithful,128,0,1,100,64,64,0,ifx 2025.3.2,cc90,2.6433527470E+02,2.6442676783E+02,53945.974429,4900,99315,1.7375307995E+04,0,0,4,3,x4310c1s0b0n0,5510df7,ks_min_aurora_20260804_035200.csv
Xeon Max,serial_do,dc,solo,faithful,1,prod,prod,faithful,128,0,1,25,64,64,0,ifx 2025.3.2,cc90,3.6861572947E+01,3.6875605583E+01,7522.769989,4900,93699,8.2706422989E+03,0,0,28,3,x4310c1s0b0n0,5510df7,ks_min_aurora_20260804_035200.csv
Xeon Max,serial_do,dc,solo,faithful,1,prod,prod,faithful,128,0,1,30,64,64,0,ifx 2025.3.2,cc90,4.9857616425E+01,4.9879426048E+01,10175.023760,4900,96753,1.1269504893E+04,0,0,21,3,x4310c1s0b0n0,5510df7,ks_min_aurora_20260804_035200.csv
Xeon Max,serial_do,dc,solo,faithful,1,prod,prod,faithful,128,0,1,50,64,64,0,ifx 2025.3.2,cc90,1.0982530117E+02,1.0985050201E+02,22413.326769,4900,99272,1.6897225677E+04,0,0,10,3,x4310c1s0b0n0,5510df7,ks_min_aurora_20260804_035200.csv
Xeon Max,serial_do,dc,solo,faithful,1,prod,prod,faithful,128,0,1,75,64,64,0,ifx 2025.3.2,cc90,1.8706933657E+02,1.8710517883E+02,38177.415627,4900,99341,1.7354910659E+04,0,0,6,3,x4310c1s0b0n0,5510df7,ks_min_aurora_20260804_035200.csv
